-- MySQL dump 10.13  Distrib 5.5.27, for Win32 (x86)
--
-- Host: localhost    Database: hangman
-- ------------------------------------------------------
-- Server version	5.5.27

/*!40101 SET @OLD_CHARACTER_SET_CLIENT=@@CHARACTER_SET_CLIENT */;
/*!40101 SET @OLD_CHARACTER_SET_RESULTS=@@CHARACTER_SET_RESULTS */;
/*!40101 SET @OLD_COLLATION_CONNECTION=@@COLLATION_CONNECTION */;
/*!40101 SET NAMES utf8 */;
/*!40103 SET @OLD_TIME_ZONE=@@TIME_ZONE */;
/*!40103 SET TIME_ZONE='+00:00' */;
/*!40014 SET @OLD_UNIQUE_CHECKS=@@UNIQUE_CHECKS, UNIQUE_CHECKS=0 */;
/*!40014 SET @OLD_FOREIGN_KEY_CHECKS=@@FOREIGN_KEY_CHECKS, FOREIGN_KEY_CHECKS=0 */;
/*!40101 SET @OLD_SQL_MODE=@@SQL_MODE, SQL_MODE='NO_AUTO_VALUE_ON_ZERO' */;
/*!40111 SET @OLD_SQL_NOTES=@@SQL_NOTES, SQL_NOTES=0 */;

--
-- Table structure for table `games`
--

DROP TABLE IF EXISTS `games`;
/*!40101 SET @saved_cs_client     = @@character_set_client */;
/*!40101 SET character_set_client = utf8 */;
CREATE TABLE `games` (
  `autoID` int(11) NOT NULL AUTO_INCREMENT,
  `p1` int(11) NOT NULL,
  `dateAdded` timestamp NOT NULL DEFAULT CURRENT_TIMESTAMP ON UPDATE CURRENT_TIMESTAMP,
  `gameState` tinyint(4) DEFAULT '-1',
  `theword` varchar(100) NOT NULL,
  PRIMARY KEY (`autoID`),
  KEY `p1` (`p1`),
  CONSTRAINT `games_ibfk_1` FOREIGN KEY (`p1`) REFERENCES `users` (`autoID`)
) ENGINE=InnoDB AUTO_INCREMENT=17 DEFAULT CHARSET=latin1;
/*!40101 SET character_set_client = @saved_cs_client */;

--
-- Dumping data for table `games`
--

LOCK TABLES `games` WRITE;
/*!40000 ALTER TABLE `games` DISABLE KEYS */;
INSERT INTO `games` VALUES (11,1,'2018-03-12 09:27:45',0,'condition'),(12,1,'2018-03-12 10:12:42',0,'juror'),(13,1,'2018-03-12 10:13:34',0,'pet'),(14,2,'2018-03-12 10:13:43',0,'threshold'),(15,4,'2018-03-12 10:14:36',0,'mad'),(16,4,'2018-03-12 10:15:18',0,'announce');
/*!40000 ALTER TABLE `games` ENABLE KEYS */;
UNLOCK TABLES;

--
-- Table structure for table `moves`
--

DROP TABLE IF EXISTS `moves`;
/*!40101 SET @saved_cs_client     = @@character_set_client */;
/*!40101 SET character_set_client = utf8 */;
CREATE TABLE `moves` (
  `autoID` int(11) NOT NULL AUTO_INCREMENT,
  `gID` int(11) NOT NULL,
  `pID` int(11) NOT NULL,
  `guess` varchar(1) NOT NULL,
  `timeAdded` timestamp NOT NULL DEFAULT CURRENT_TIMESTAMP ON UPDATE CURRENT_TIMESTAMP,
  `correct` tinyint(4) DEFAULT '0',
  PRIMARY KEY (`autoID`),
  KEY `gID` (`gID`),
  KEY `pID` (`pID`),
  CONSTRAINT `moves_ibfk_1` FOREIGN KEY (`gID`) REFERENCES `games` (`autoID`),
  CONSTRAINT `moves_ibfk_2` FOREIGN KEY (`pID`) REFERENCES `users` (`autoID`)
) ENGINE=InnoDB AUTO_INCREMENT=6 DEFAULT CHARSET=latin1;
/*!40101 SET character_set_client = @saved_cs_client */;

--
-- Dumping data for table `moves`
--

LOCK TABLES `moves` WRITE;
/*!40000 ALTER TABLE `moves` DISABLE KEYS */;
INSERT INTO `moves` VALUES (1,11,1,'c','2018-03-12 09:29:35',0),(2,11,1,'j','2018-03-12 09:34:27',0),(3,16,1,'n','2018-03-13 10:08:52',1),(4,16,1,'z','2018-03-13 10:09:06',0),(5,16,1,'w','2018-03-13 10:10:49',0);
/*!40000 ALTER TABLE `moves` ENABLE KEYS */;
UNLOCK TABLES;

--
-- Table structure for table `users`
--

DROP TABLE IF EXISTS `users`;
/*!40101 SET @saved_cs_client     = @@character_set_client */;
/*!40101 SET character_set_client = utf8 */;
CREATE TABLE `users` (
  `autoID` int(11) NOT NULL AUTO_INCREMENT,
  `name` varchar(50) NOT NULL,
  `surname` varchar(50) NOT NULL,
  `username` varchar(25) NOT NULL,
  `password` varchar(255) NOT NULL,
  `email` varchar(100) NOT NULL,
  `isactive` tinyint(4) DEFAULT '1',
  `access_lvl` tinyint(4) DEFAULT '1',
  `dateAdded` timestamp NOT NULL DEFAULT CURRENT_TIMESTAMP ON UPDATE CURRENT_TIMESTAMP,
  PRIMARY KEY (`autoID`)
) ENGINE=InnoDB AUTO_INCREMENT=5 DEFAULT CHARSET=latin1;
/*!40101 SET character_set_client = @saved_cs_client */;

--
-- Dumping data for table `users`
--

LOCK TABLES `users` WRITE;
/*!40000 ALTER TABLE `users` DISABLE KEYS */;
INSERT INTO `users` VALUES (1,'James','Murphy','jmurphy','*10F4A36855CBD789AB12C69D7ACDBD2B0D5973EC','james.murphy@ul.ie',1,1,'2018-03-09 11:45:47'),(2,'Jen','Barker','jbarker','*C8F7DFA615C2C93B0DB568392ECA4642BC65B48F','jbarker@email.com',1,1,'2018-03-09 11:45:47'),(3,'John','Doe','jdoe','*48709E852C5D63F0D1BA49B8053FB9EE1278008A','jdoe@email.com',1,1,'2018-03-09 11:45:47'),(4,'Joe','Bloggs','jbloggs','*22EB67FB4CF32E899F6267CE8D034C47E8660FE1','jbloggs@email.com',1,1,'2018-03-12 09:28:53');
/*!40000 ALTER TABLE `users` ENABLE KEYS */;
UNLOCK TABLES;

--
-- Table structure for table `words`
--

DROP TABLE IF EXISTS `words`;
/*!40101 SET @saved_cs_client     = @@character_set_client */;
/*!40101 SET character_set_client = utf8 */;
CREATE TABLE `words` (
  `autoID` int(11) NOT NULL AUTO_INCREMENT,
  `theword` varchar(100) NOT NULL,
  PRIMARY KEY (`autoID`),
  UNIQUE KEY `autokey` (`autoID`)
) ENGINE=InnoDB AUTO_INCREMENT=4320 DEFAULT CHARSET=latin1;
/*!40101 SET character_set_client = @saved_cs_client */;

--
-- Dumping data for table `words`
--

LOCK TABLES `words` WRITE;
/*!40000 ALTER TABLE `words` DISABLE KEYS */;
INSERT INTO `words` VALUES (1,'abandon'),(2,'ability'),(3,'able'),(4,'abortion'),(5,'about'),(6,'above'),(7,'abroad'),(8,'absence'),(9,'absolute'),(10,'absolutely'),(11,'absorb'),(12,'abstract'),(13,'abuse'),(14,'academic'),(15,'accelerate'),(16,'accent'),(17,'accept'),(18,'acceptable'),(19,'acceptance'),(20,'access'),(21,'accessible'),(22,'accident'),(23,'accommodate'),(24,'accompany'),(25,'accomplish'),(26,'accomplishment'),(27,'according'),(28,'account'),(29,'accountability'),(30,'accounting'),(31,'accuracy'),(32,'accurate'),(33,'accurately'),(34,'accusation'),(35,'accuse'),(36,'achieve'),(37,'achievement'),(38,'acid'),(39,'acknowledge'),(40,'acquire'),(41,'acquisition'),(42,'across'),(43,'act'),(44,'action'),(45,'active'),(46,'actively'),(47,'activist'),(48,'activity'),(49,'actor'),(50,'actress'),(51,'actual'),(52,'actually'),(53,'ad'),(54,'adapt'),(55,'add'),(56,'added'),(57,'addition'),(58,'additional'),(59,'address'),(60,'adequate'),(61,'adjust'),(62,'adjustment'),(63,'administer'),(64,'administration'),(65,'administrative'),(66,'administrator'),(67,'admire'),(68,'admission'),(69,'admit'),(70,'adolescent'),(71,'adopt'),(72,'adoption'),(73,'adult'),(74,'advance'),(75,'advanced'),(76,'advantage'),(77,'adventure'),(78,'advertising'),(79,'advice'),(80,'advise'),(81,'adviser'),(82,'advocate'),(83,'aesthetic'),(84,'affair'),(85,'affect'),(86,'afford'),(87,'afraid'),(88,'African'),(89,'African-American'),(90,'after'),(91,'afternoon'),(92,'afterward'),(93,'again'),(94,'against'),(95,'age'),(96,'agency'),(97,'agenda'),(98,'agent'),(99,'aggression'),(100,'aggressive'),(101,'ago'),(102,'agree'),(103,'agreement'),(104,'agricultural'),(105,'agriculture'),(106,'ah'),(107,'ahead'),(108,'aid'),(109,'aide'),(110,'AIDS'),(111,'aim'),(112,'air'),(113,'aircraft'),(114,'airline'),(115,'airplane'),(116,'airport'),(117,'aisle'),(118,'alarm'),(119,'album'),(120,'alcohol'),(121,'alien'),(122,'alike'),(123,'alive'),(124,'all'),(125,'allegation'),(126,'alleged'),(127,'allegedly'),(128,'alley'),(129,'alliance'),(130,'allow'),(131,'ally'),(132,'almost'),(133,'alone'),(134,'along'),(135,'alongside'),(136,'already'),(137,'also'),(138,'alter'),(139,'alternative'),(140,'although'),(141,'altogether'),(142,'aluminum'),(143,'always'),(144,'AM'),(145,'amazing'),(146,'ambassador'),(147,'ambition'),(148,'ambitious'),(149,'amendment'),(150,'American'),(151,'amid'),(152,'among'),(153,'amount'),(154,'analysis'),(155,'analyst'),(156,'analyze'),(157,'ancestor'),(158,'ancient'),(159,'and'),(160,'and/or'),(161,'angel'),(162,'anger'),(163,'angle'),(164,'angry'),(165,'animal'),(166,'ankle'),(167,'anniversary'),(168,'announce'),(169,'announcement'),(170,'annual'),(171,'annually'),(172,'anonymous'),(173,'another'),(174,'answer'),(175,'anticipate'),(176,'anxiety'),(177,'anxious'),(178,'any'),(179,'anybody'),(180,'anymore'),(181,'anyone'),(182,'anything'),(183,'anyway'),(184,'anywhere'),(185,'apart'),(186,'apartment'),(187,'apologize'),(188,'apparent'),(189,'apparently'),(190,'appeal'),(191,'appear'),(192,'appearance'),(193,'apple'),(194,'application'),(195,'apply'),(196,'appoint'),(197,'appointment'),(198,'appreciate'),(199,'appreciation'),(200,'approach'),(201,'appropriate'),(202,'approval'),(203,'approve'),(204,'approximately'),(205,'Arab'),(206,'architect'),(207,'architecture'),(208,'area'),(209,'arena'),(210,'argue'),(211,'argument'),(212,'arise'),(213,'arm'),(214,'armed'),(215,'army'),(216,'around'),(217,'arrange'),(218,'arrangement'),(219,'array'),(220,'arrest'),(221,'arrival'),(222,'arrive'),(223,'arrow'),(224,'art'),(225,'article'),(226,'articulate'),(227,'artifact'),(228,'artificial'),(229,'artist'),(230,'artistic'),(231,'as'),(232,'ash'),(233,'Asian'),(234,'aside'),(235,'ask'),(236,'asleep'),(237,'aspect'),(238,'ass'),(239,'assault'),(240,'assemble'),(241,'assembly'),(242,'assert'),(243,'assess'),(244,'assessment'),(245,'asset'),(246,'assign'),(247,'assignment'),(248,'assist'),(249,'assistance'),(250,'assistant'),(251,'associate'),(252,'associated'),(253,'association'),(254,'assume'),(255,'assumption'),(256,'assure'),(257,'astronomer'),(258,'athlete'),(259,'athletic'),(260,'atmosphere'),(261,'atop'),(262,'attach'),(263,'attack'),(264,'attempt'),(265,'attend'),(266,'attendance'),(267,'attention'),(268,'attitude'),(269,'attorney'),(270,'attract'),(271,'attraction'),(272,'attractive'),(273,'attribute'),(274,'auction'),(275,'audience'),(276,'aunt'),(277,'author'),(278,'authority'),(279,'authorize'),(280,'auto'),(281,'automatic'),(282,'automatically'),(283,'automobile'),(284,'autonomy'),(285,'availability'),(286,'available'),(287,'average'),(288,'avoid'),(289,'await'),(290,'awake'),(291,'award'),(292,'aware'),(293,'awareness'),(294,'away'),(295,'awful'),(296,'baby'),(297,'back'),(298,'background'),(299,'backyard'),(300,'bacteria'),(301,'bad'),(302,'badly'),(303,'bag'),(304,'bake'),(305,'balance'),(306,'balanced'),(307,'ball'),(308,'balloon'),(309,'ballot'),(310,'ban'),(311,'banana'),(312,'band'),(313,'bank'),(314,'banker'),(315,'banking'),(316,'bankruptcy'),(317,'bar'),(318,'bare'),(319,'barely'),(320,'barn'),(321,'barrel'),(322,'barrier'),(323,'base'),(324,'baseball'),(325,'basement'),(326,'basic'),(327,'basically'),(328,'basis'),(329,'basket'),(330,'basketball'),(331,'bat'),(332,'bath'),(333,'bathroom'),(334,'battery'),(335,'battle'),(336,'bay'),(337,'beach'),(338,'beam'),(339,'bean'),(340,'bear'),(341,'beard'),(342,'beast'),(343,'beat'),(344,'beautiful'),(345,'beauty'),(346,'because'),(347,'become'),(348,'bed'),(349,'bedroom'),(350,'bee'),(351,'beef'),(352,'beer'),(353,'before'),(354,'beg'),(355,'begin'),(356,'beginning'),(357,'behalf'),(358,'behave'),(359,'behavior'),(360,'behavioral'),(361,'behind'),(362,'being'),(363,'belief'),(364,'believe'),(365,'bell'),(366,'belly'),(367,'belong'),(368,'below'),(369,'belt'),(370,'bench'),(371,'bend'),(372,'beneath'),(373,'benefit'),(374,'beside'),(375,'besides'),(376,'best'),(377,'bet'),(378,'better'),(379,'between'),(380,'beyond'),(381,'bias'),(382,'Bible'),(383,'bicycle'),(384,'bid'),(385,'big'),(386,'bike'),(387,'bill'),(388,'billion'),(389,'bind'),(390,'biography'),(391,'biological'),(392,'biology'),(393,'bird'),(394,'birth'),(395,'birthday'),(396,'bishop'),(397,'bit'),(398,'bite'),(399,'bitter'),(400,'black'),(401,'blade'),(402,'blame'),(403,'blank'),(404,'blanket'),(405,'blast'),(406,'blend'),(407,'bless'),(408,'blessing'),(409,'blind'),(410,'blink'),(411,'block'),(412,'blond'),(413,'blood'),(414,'bloody'),(415,'blow'),(416,'blue'),(417,'board'),(418,'boast'),(419,'boat'),(420,'body'),(421,'boil'),(422,'bold'),(423,'bolt'),(424,'bomb'),(425,'bombing'),(426,'bond'),(427,'bone'),(428,'bonus'),(429,'book'),(430,'boom'),(431,'boost'),(432,'boot'),(433,'booth'),(434,'border'),(435,'boring'),(436,'born'),(437,'borrow'),(438,'boss'),(439,'both'),(440,'bother'),(441,'bottle'),(442,'bottom'),(443,'bounce'),(444,'boundary'),(445,'bow'),(446,'bowl'),(447,'box'),(448,'boy'),(449,'boyfriend'),(450,'brain'),(451,'brake'),(452,'branch'),(453,'brand'),(454,'brave'),(455,'bread'),(456,'break'),(457,'breakfast'),(458,'breast'),(459,'breath'),(460,'breathe'),(461,'breathing'),(462,'breeze'),(463,'brick'),(464,'bride'),(465,'bridge'),(466,'brief'),(467,'briefly'),(468,'bright'),(469,'brilliant'),(470,'bring'),(471,'British'),(472,'broad'),(473,'broadcast'),(474,'broken'),(475,'broker'),(476,'bronze'),(477,'brother'),(478,'brown'),(479,'brush'),(480,'brutal'),(481,'bubble'),(482,'buck'),(483,'bucket'),(484,'buddy'),(485,'budget'),(486,'bug'),(487,'build'),(488,'builder'),(489,'building'),(490,'bulb'),(491,'bulk'),(492,'bull'),(493,'bullet'),(494,'bunch'),(495,'burden'),(496,'bureau'),(497,'burn'),(498,'burning'),(499,'bury'),(500,'bus'),(501,'bush'),(502,'business'),(503,'businessman'),(504,'busy'),(505,'but'),(506,'butt'),(507,'butter'),(508,'butterfly'),(509,'button'),(510,'buy'),(511,'buyer'),(512,'cab'),(513,'cabin'),(514,'cabinet'),(515,'cable'),(516,'cage'),(517,'cake'),(518,'calculate'),(519,'calculation'),(520,'calendar'),(521,'call'),(522,'calm'),(523,'camera'),(524,'camp'),(525,'campaign'),(526,'campus'),(527,'can'),(528,'Canadian'),(529,'cancel'),(530,'cancer'),(531,'candidate'),(532,'candle'),(533,'candy'),(534,'canvas'),(535,'cap'),(536,'capability'),(537,'capable'),(538,'capacity'),(539,'capital'),(540,'captain'),(541,'capture'),(542,'car'),(543,'carbohydrate'),(544,'carbon'),(545,'card'),(546,'care'),(547,'career'),(548,'careful'),(549,'carefully'),(550,'cargo'),(551,'carpet'),(552,'carrier'),(553,'carrot'),(554,'carry'),(555,'cart'),(556,'cartoon'),(557,'carve'),(558,'case'),(559,'cash'),(560,'casino'),(561,'cast'),(562,'casual'),(563,'casualty'),(564,'cat'),(565,'catalog'),(566,'catch'),(567,'category'),(568,'Catholic'),(569,'cattle'),(570,'cause'),(571,'cave'),(572,'cease'),(573,'ceiling'),(574,'celebrate'),(575,'celebration'),(576,'celebrity'),(577,'cell'),(578,'cemetery'),(579,'center'),(580,'central'),(581,'century'),(582,'CEO'),(583,'ceremony'),(584,'certain'),(585,'certainly'),(586,'chain'),(587,'chair'),(588,'chairman'),(589,'challenge'),(590,'chamber'),(591,'champion'),(592,'championship'),(593,'chance'),(594,'change'),(595,'changing'),(596,'channel'),(597,'chaos'),(598,'chapter'),(599,'character'),(600,'characteristic'),(601,'characterize'),(602,'charge'),(603,'charity'),(604,'charm'),(605,'chart'),(606,'charter'),(607,'chase'),(608,'cheap'),(609,'cheat'),(610,'check'),(611,'cheek'),(612,'cheer'),(613,'cheese'),(614,'chef'),(615,'chemical'),(616,'chemistry'),(617,'chest'),(618,'chew'),(619,'chicken'),(620,'chief'),(621,'child'),(622,'childhood'),(623,'chill'),(624,'chin'),(625,'Chinese'),(626,'chip'),(627,'chocolate'),(628,'choice'),(629,'cholesterol'),(630,'choose'),(631,'chop'),(632,'Christian'),(633,'Christianity'),(634,'Christmas'),(635,'chronic'),(636,'chunk'),(637,'church'),(638,'cigarette'),(639,'circle'),(640,'circuit'),(641,'circumstance'),(642,'cite'),(643,'citizen'),(644,'citizenship'),(645,'city'),(646,'civic'),(647,'civil'),(648,'civilian'),(649,'civilization'),(650,'claim'),(651,'class'),(652,'classic'),(653,'classical'),(654,'classify'),(655,'classroom'),(656,'clay'),(657,'clean'),(658,'clear'),(659,'clearly'),(660,'clerk'),(661,'click'),(662,'client'),(663,'cliff'),(664,'climate'),(665,'climb'),(666,'cling'),(667,'clinic'),(668,'clinical'),(669,'clip'),(670,'clock'),(671,'close'),(672,'closed'),(673,'closely'),(674,'closer'),(675,'closest'),(676,'closet'),(677,'cloth'),(678,'clothes'),(679,'clothing'),(680,'cloud'),(681,'club'),(682,'clue'),(683,'cluster'),(684,'coach'),(685,'coal'),(686,'coalition'),(687,'coast'),(688,'coastal'),(689,'coat'),(690,'cocaine'),(691,'code'),(692,'coffee'),(693,'cognitive'),(694,'coin'),(695,'cold'),(696,'collaboration'),(697,'collapse'),(698,'collar'),(699,'colleague'),(700,'collect'),(701,'collection'),(702,'collective'),(703,'collector'),(704,'college'),(705,'colonial'),(706,'colony'),(707,'color'),(708,'colorful'),(709,'column'),(710,'columnist'),(711,'combat'),(712,'combination'),(713,'combine'),(714,'combined'),(715,'come'),(716,'comedy'),(717,'comfort'),(718,'comfortable'),(719,'coming'),(720,'command'),(721,'commander'),(722,'comment'),(723,'commercial'),(724,'commission'),(725,'commissioner'),(726,'commit'),(727,'commitment'),(728,'committee'),(729,'commodity'),(730,'common'),(731,'commonly'),(732,'communicate'),(733,'communication'),(734,'community'),(735,'companion'),(736,'company'),(737,'comparable'),(738,'compare'),(739,'comparison'),(740,'compel'),(741,'compelling'),(742,'compensation'),(743,'compete'),(744,'competition'),(745,'competitive'),(746,'competitor'),(747,'complain'),(748,'complaint'),(749,'complete'),(750,'completely'),(751,'complex'),(752,'complexity'),(753,'compliance'),(754,'complicated'),(755,'comply'),(756,'component'),(757,'compose'),(758,'composition'),(759,'compound'),(760,'comprehensive'),(761,'comprise'),(762,'compromise'),(763,'computer'),(764,'concede'),(765,'conceive'),(766,'concentrate'),(767,'concentration'),(768,'concept'),(769,'conception'),(770,'concern'),(771,'concerned'),(772,'concerning'),(773,'concert'),(774,'conclude'),(775,'conclusion'),(776,'concrete'),(777,'condemn'),(778,'condition'),(779,'conduct'),(780,'conference'),(781,'confess'),(782,'confession'),(783,'confidence'),(784,'confident'),(785,'confirm'),(786,'conflict'),(787,'confront'),(788,'confrontation'),(789,'confuse'),(790,'confusion'),(791,'Congress'),(792,'congressional'),(793,'connect'),(794,'connection'),(795,'conscience'),(796,'conscious'),(797,'consciousness'),(798,'consecutive'),(799,'consensus'),(800,'consent'),(801,'consequence'),(802,'consequently'),(803,'conservation'),(804,'conservative'),(805,'consider'),(806,'considerable'),(807,'considerably'),(808,'consideration'),(809,'consist'),(810,'consistent'),(811,'consistently'),(812,'conspiracy'),(813,'constant'),(814,'constantly'),(815,'constitute'),(816,'constitution'),(817,'constitutional'),(818,'constraint'),(819,'construct'),(820,'construction'),(821,'consult'),(822,'consultant'),(823,'consume'),(824,'consumer'),(825,'consumption'),(826,'contact'),(827,'contain'),(828,'container'),(829,'contemplate'),(830,'contemporary'),(831,'contend'),(832,'content'),(833,'contest'),(834,'context'),(835,'continent'),(836,'continue'),(837,'continued'),(838,'continuing'),(839,'continuous'),(840,'contract'),(841,'contractor'),(842,'contrast'),(843,'contribute'),(844,'contribution'),(845,'contributor'),(846,'control'),(847,'controversial'),(848,'controversy'),(849,'convenience'),(850,'convention'),(851,'conventional'),(852,'conversation'),(853,'conversion'),(854,'convert'),(855,'convey'),(856,'convict'),(857,'conviction'),(858,'convince'),(859,'convinced'),(860,'cook'),(861,'cookie'),(862,'cooking'),(863,'cool'),(864,'cooperate'),(865,'cooperation'),(866,'cooperative'),(867,'coordinate'),(868,'coordinator'),(869,'cop'),(870,'cope'),(871,'copy'),(872,'cord'),(873,'core'),(874,'corn'),(875,'corner'),(876,'corporate'),(877,'corporation'),(878,'correct'),(879,'correctly'),(880,'correlation'),(881,'correspondent'),(882,'corridor'),(883,'corruption'),(884,'cost'),(885,'costly'),(886,'costume'),(887,'cottage'),(888,'cotton'),(889,'couch'),(890,'could'),(891,'council'),(892,'counsel'),(893,'counseling'),(894,'counselor'),(895,'count'),(896,'counter'),(897,'counterpart'),(898,'country'),(899,'county'),(900,'coup'),(901,'couple'),(902,'courage'),(903,'course'),(904,'court'),(905,'courtroom'),(906,'cousin'),(907,'cover'),(908,'coverage'),(909,'cow'),(910,'crack'),(911,'craft'),(912,'crash'),(913,'crawl'),(914,'crazy'),(915,'cream'),(916,'create'),(917,'creation'),(918,'creative'),(919,'creativity'),(920,'creature'),(921,'credibility'),(922,'credit'),(923,'crew'),(924,'crime'),(925,'criminal'),(926,'crisis'),(927,'criteria'),(928,'critic'),(929,'critical'),(930,'criticism'),(931,'criticize'),(932,'crop'),(933,'cross'),(934,'crowd'),(935,'crowded'),(936,'crucial'),(937,'cruel'),(938,'cruise'),(939,'crush'),(940,'cry'),(941,'crystal'),(942,'Cuban'),(943,'cue'),(944,'cultural'),(945,'culture'),(946,'cup'),(947,'cure'),(948,'curiosity'),(949,'curious'),(950,'currency'),(951,'current'),(952,'currently'),(953,'curriculum'),(954,'curtain'),(955,'curve'),(956,'custody'),(957,'custom'),(958,'customer'),(959,'cut'),(960,'cute'),(961,'cycle'),(962,'dad'),(963,'daily'),(964,'dam'),(965,'damage'),(966,'damn'),(967,'dance'),(968,'dancer'),(969,'dancing'),(970,'danger'),(971,'dangerous'),(972,'dare'),(973,'dark'),(974,'darkness'),(975,'data'),(976,'database'),(977,'date'),(978,'daughter'),(979,'dawn'),(980,'day'),(981,'dead'),(982,'deadline'),(983,'deadly'),(984,'deal'),(985,'dealer'),(986,'dear'),(987,'death'),(988,'debate'),(989,'debris'),(990,'debt'),(991,'debut'),(992,'decade'),(993,'decent'),(994,'decide'),(995,'decision'),(996,'deck'),(997,'declare'),(998,'decline'),(999,'decorate'),(1000,'decrease'),(1001,'dedicate'),(1002,'deem'),(1003,'deep'),(1004,'deeply'),(1005,'deer'),(1006,'defeat'),(1007,'defend'),(1008,'defendant'),(1009,'defender'),(1010,'defense'),(1011,'defensive'),(1012,'deficit'),(1013,'define'),(1014,'definitely'),(1015,'definition'),(1016,'degree'),(1017,'delay'),(1018,'deliberately'),(1019,'delicate'),(1020,'delight'),(1021,'deliver'),(1022,'delivery'),(1023,'demand'),(1024,'democracy'),(1025,'Democrat'),(1026,'democratic'),(1027,'demographic'),(1028,'demonstrate'),(1029,'demonstration'),(1030,'denial'),(1031,'dense'),(1032,'density'),(1033,'deny'),(1034,'depart'),(1035,'department'),(1036,'departure'),(1037,'depend'),(1038,'dependent'),(1039,'depending'),(1040,'depict'),(1041,'deploy'),(1042,'deposit'),(1043,'depressed'),(1044,'depression'),(1045,'depth'),(1046,'deputy'),(1047,'derive'),(1048,'descend'),(1049,'describe'),(1050,'description'),(1051,'desert'),(1052,'deserve'),(1053,'design'),(1054,'designer'),(1055,'desire'),(1056,'desk'),(1057,'desperate'),(1058,'desperately'),(1059,'despite'),(1060,'dessert'),(1061,'destination'),(1062,'destroy'),(1063,'destruction'),(1064,'detail'),(1065,'detailed'),(1066,'detect'),(1067,'detective'),(1068,'determination'),(1069,'determine'),(1070,'devastating'),(1071,'develop'),(1072,'developer'),(1073,'developing'),(1074,'development'),(1075,'developmental'),(1076,'device'),(1077,'devil'),(1078,'devote'),(1079,'diabetes'),(1080,'diagnose'),(1081,'diagnosis'),(1082,'dialogue'),(1083,'diamond'),(1084,'diary'),(1085,'dictate'),(1086,'die'),(1087,'diet'),(1088,'differ'),(1089,'difference'),(1090,'different'),(1091,'differently'),(1092,'difficult'),(1093,'difficulty'),(1094,'dig'),(1095,'digital'),(1096,'dignity'),(1097,'dilemma'),(1098,'dimension'),(1099,'diminish'),(1100,'dining'),(1101,'dinner'),(1102,'dip'),(1103,'diplomat'),(1104,'diplomatic'),(1105,'direct'),(1106,'direction'),(1107,'directly'),(1108,'director'),(1109,'dirt'),(1110,'dirty'),(1111,'disability'),(1112,'disabled'),(1113,'disagree'),(1114,'disappear'),(1115,'disappointed'),(1116,'disappointment'),(1117,'disaster'),(1118,'disc'),(1119,'discipline'),(1120,'disclose'),(1121,'discount'),(1122,'discourage'),(1123,'discourse'),(1124,'discover'),(1125,'discovery'),(1126,'discrimination'),(1127,'discuss'),(1128,'discussion'),(1129,'disease'),(1130,'dish'),(1131,'disk'),(1132,'dismiss'),(1133,'disorder'),(1134,'display'),(1135,'dispute'),(1136,'dissolve'),(1137,'distance'),(1138,'distant'),(1139,'distinct'),(1140,'distinction'),(1141,'distinctive'),(1142,'distinguish'),(1143,'distract'),(1144,'distribute'),(1145,'distribution'),(1146,'district'),(1147,'disturb'),(1148,'disturbing'),(1149,'diverse'),(1150,'diversity'),(1151,'divide'),(1152,'divine'),(1153,'division'),(1154,'divorce'),(1155,'DNA'),(1156,'dock'),(1157,'doctor'),(1158,'doctrine'),(1159,'document'),(1160,'documentary'),(1161,'dog'),(1162,'doll'),(1163,'domain'),(1164,'domestic'),(1165,'dominant'),(1166,'dominate'),(1167,'donate'),(1168,'donation'),(1169,'donor'),(1170,'door'),(1171,'doorway'),(1172,'dose'),(1173,'dot'),(1174,'double'),(1175,'doubt'),(1176,'dough'),(1177,'down'),(1178,'downtown'),(1179,'dozen'),(1180,'draft'),(1181,'drag'),(1182,'drain'),(1183,'drama'),(1184,'dramatic'),(1185,'dramatically'),(1186,'draw'),(1187,'drawer'),(1188,'drawing'),(1189,'dream'),(1190,'dress'),(1191,'dried'),(1192,'drift'),(1193,'drill'),(1194,'drink'),(1195,'drinking'),(1196,'drive'),(1197,'driver'),(1198,'driveway'),(1199,'driving'),(1200,'drop'),(1201,'drown'),(1202,'drug'),(1203,'drum'),(1204,'drunk'),(1205,'dry'),(1206,'duck'),(1207,'due'),(1208,'dumb'),(1209,'dump'),(1210,'during'),(1211,'dust'),(1212,'Dutch'),(1213,'duty'),(1214,'dying'),(1215,'dynamic'),(1216,'dynamics'),(1217,'each'),(1218,'eager'),(1219,'ear'),(1220,'early'),(1221,'earn'),(1222,'earnings'),(1223,'earth'),(1224,'earthquake'),(1225,'ease'),(1226,'easily'),(1227,'east'),(1228,'eastern'),(1229,'easy'),(1230,'eat'),(1231,'eating'),(1232,'echo'),(1233,'ecological'),(1234,'economic'),(1235,'economically'),(1236,'economics'),(1237,'economist'),(1238,'economy'),(1239,'ecosystem'),(1240,'edge'),(1241,'edit'),(1242,'edition'),(1243,'editor'),(1244,'educate'),(1245,'education'),(1246,'educational'),(1247,'educator'),(1248,'effect'),(1249,'effective'),(1250,'effectively'),(1251,'effectiveness'),(1252,'efficiency'),(1253,'efficient'),(1254,'effort'),(1255,'egg'),(1256,'ego'),(1257,'eight'),(1258,'eighth'),(1259,'either'),(1260,'elaborate'),(1261,'elbow'),(1262,'elder'),(1263,'elderly'),(1264,'elect'),(1265,'election'),(1266,'electric'),(1267,'electrical'),(1268,'electricity'),(1269,'electronic'),(1270,'electronics'),(1271,'elegant'),(1272,'element'),(1273,'elementary'),(1274,'elephant'),(1275,'elevator'),(1276,'eleven'),(1277,'eligible'),(1278,'eliminate'),(1279,'elite'),(1280,'else'),(1281,'elsewhere'),(1282,'e-mail'),(1283,'embarrassed'),(1284,'embrace'),(1285,'emerge'),(1286,'emergency'),(1287,'emerging'),(1288,'emission'),(1289,'emotion'),(1290,'emotional'),(1291,'emotionally'),(1292,'emphasis'),(1293,'emphasize'),(1294,'empire'),(1295,'employ'),(1296,'employee'),(1297,'employer'),(1298,'employment'),(1299,'empty'),(1300,'enable'),(1301,'enact'),(1302,'encounter'),(1303,'encourage'),(1304,'encouraging'),(1305,'end'),(1306,'endless'),(1307,'endorse'),(1308,'endure'),(1309,'enemy'),(1310,'energy'),(1311,'enforce'),(1312,'enforcement'),(1313,'engage'),(1314,'engagement'),(1315,'engine'),(1316,'engineer'),(1317,'engineering'),(1318,'English'),(1319,'enhance'),(1320,'enjoy'),(1321,'enormous'),(1322,'enough'),(1323,'enroll'),(1324,'ensure'),(1325,'enter'),(1326,'enterprise'),(1327,'entertainment'),(1328,'enthusiasm'),(1329,'entire'),(1330,'entirely'),(1331,'entitle'),(1332,'entity'),(1333,'entrance'),(1334,'entrepreneur'),(1335,'entry'),(1336,'envelope'),(1337,'environment'),(1338,'environmental'),(1339,'envision'),(1340,'epidemic'),(1341,'episode'),(1342,'equal'),(1343,'equality'),(1344,'equally'),(1345,'equation'),(1346,'equip'),(1347,'equipment'),(1348,'equity'),(1349,'equivalent'),(1350,'era'),(1351,'error'),(1352,'escape'),(1353,'especially'),(1354,'essay'),(1355,'essence'),(1356,'essential'),(1357,'essentially'),(1358,'establish'),(1359,'establishment'),(1360,'estate'),(1361,'estimate'),(1362,'estimated'),(1363,'etc'),(1364,'ethical'),(1365,'ethics'),(1366,'ethnic'),(1367,'European'),(1368,'evaluate'),(1369,'evaluation'),(1370,'even'),(1371,'evening'),(1372,'event'),(1373,'eventually'),(1374,'ever'),(1375,'every'),(1376,'everybody'),(1377,'everyday'),(1378,'everyone'),(1379,'everything'),(1380,'everywhere'),(1381,'evidence'),(1382,'evident'),(1383,'evil'),(1384,'evolution'),(1385,'evolve'),(1386,'exact'),(1387,'exactly'),(1388,'exam'),(1389,'examination'),(1390,'examine'),(1391,'example'),(1392,'exceed'),(1393,'excellent'),(1394,'except'),(1395,'exception'),(1396,'excessive'),(1397,'exchange'),(1398,'excited'),(1399,'excitement'),(1400,'exciting'),(1401,'exclude'),(1402,'exclusive'),(1403,'exclusively'),(1404,'excuse'),(1405,'execute'),(1406,'execution'),(1407,'executive'),(1408,'exercise'),(1409,'exhaust'),(1410,'exhibit'),(1411,'exhibition'),(1412,'exist'),(1413,'existence'),(1414,'existing'),(1415,'exit'),(1416,'exotic'),(1417,'expand'),(1418,'expansion'),(1419,'expect'),(1420,'expectation'),(1421,'expected'),(1422,'expedition'),(1423,'expense'),(1424,'expensive'),(1425,'experience'),(1426,'experienced'),(1427,'experiment'),(1428,'experimental'),(1429,'expert'),(1430,'expertise'),(1431,'explain'),(1432,'explanation'),(1433,'explicit'),(1434,'explode'),(1435,'exploit'),(1436,'exploration'),(1437,'explore'),(1438,'explosion'),(1439,'export'),(1440,'expose'),(1441,'exposure'),(1442,'express'),(1443,'expression'),(1444,'extend'),(1445,'extended'),(1446,'extension'),(1447,'extensive'),(1448,'extent'),(1449,'external'),(1450,'extra'),(1451,'extraordinary'),(1452,'extreme'),(1453,'extremely'),(1454,'eye'),(1455,'eyebrow'),(1456,'fabric'),(1457,'face'),(1458,'facilitate'),(1459,'facility'),(1460,'fact'),(1461,'factor'),(1462,'factory'),(1463,'faculty'),(1464,'fade'),(1465,'fail'),(1466,'failure'),(1467,'faint'),(1468,'fair'),(1469,'fairly'),(1470,'faith'),(1471,'fall'),(1472,'fame'),(1473,'familiar'),(1474,'family'),(1475,'famous'),(1476,'fan'),(1477,'fantastic'),(1478,'fantasy'),(1479,'far'),(1480,'fare'),(1481,'farm'),(1482,'farmer'),(1483,'fascinating'),(1484,'fashion'),(1485,'fast'),(1486,'faster'),(1487,'fat'),(1488,'fatal'),(1489,'fate'),(1490,'father'),(1491,'fatigue'),(1492,'fault'),(1493,'favor'),(1494,'favorable'),(1495,'favorite'),(1496,'fear'),(1497,'feather'),(1498,'feature'),(1499,'federal'),(1500,'fee'),(1501,'feed'),(1502,'feedback'),(1503,'feel'),(1504,'feeling'),(1505,'fellow'),(1506,'female'),(1507,'feminist'),(1508,'fence'),(1509,'festival'),(1510,'fever'),(1511,'few'),(1512,'fewer'),(1513,'fiber'),(1514,'fiction'),(1515,'field'),(1516,'fierce'),(1517,'fifteen'),(1518,'fifth'),(1519,'fifty'),(1520,'fight'),(1521,'fighter'),(1522,'fighting'),(1523,'figure'),(1524,'file'),(1525,'fill'),(1526,'film'),(1527,'filter'),(1528,'final'),(1529,'finally'),(1530,'finance'),(1531,'financial'),(1532,'find'),(1533,'finding'),(1534,'fine'),(1535,'finger'),(1536,'finish'),(1537,'fire'),(1538,'firm'),(1539,'firmly'),(1540,'first'),(1541,'fiscal'),(1542,'fish'),(1543,'fisherman'),(1544,'fishing'),(1545,'fist'),(1546,'fit'),(1547,'fitness'),(1548,'five'),(1549,'fix'),(1550,'fixed'),(1551,'flag'),(1552,'flame'),(1553,'flash'),(1554,'flat'),(1555,'flavor'),(1556,'flee'),(1557,'fleet'),(1558,'flesh'),(1559,'flexibility'),(1560,'flexible'),(1561,'flight'),(1562,'flip'),(1563,'float'),(1564,'flood'),(1565,'floor'),(1566,'flour'),(1567,'flow'),(1568,'flower'),(1569,'fluid'),(1570,'fly'),(1571,'flying'),(1572,'focus'),(1573,'fog'),(1574,'fold'),(1575,'folk'),(1576,'follow'),(1577,'following'),(1578,'food'),(1579,'fool'),(1580,'foot'),(1581,'football'),(1582,'for'),(1583,'forbid'),(1584,'force'),(1585,'forehead'),(1586,'foreign'),(1587,'foreigner'),(1588,'forest'),(1589,'forever'),(1590,'forget'),(1591,'forgive'),(1592,'fork'),(1593,'form'),(1594,'formal'),(1595,'format'),(1596,'formation'),(1597,'former'),(1598,'formerly'),(1599,'formula'),(1600,'forth'),(1601,'fortunately'),(1602,'fortune'),(1603,'forty'),(1604,'forum'),(1605,'forward'),(1606,'foster'),(1607,'found'),(1608,'foundation'),(1609,'founder'),(1610,'four'),(1611,'fourth'),(1612,'fraction'),(1613,'fragile'),(1614,'fragment'),(1615,'frame'),(1616,'framework'),(1617,'franchise'),(1618,'frankly'),(1619,'fraud'),(1620,'free'),(1621,'freedom'),(1622,'freely'),(1623,'freeze'),(1624,'French'),(1625,'frequency'),(1626,'frequent'),(1627,'frequently'),(1628,'fresh'),(1629,'freshman'),(1630,'friend'),(1631,'friendly'),(1632,'friendship'),(1633,'from'),(1634,'front'),(1635,'frontier'),(1636,'frown'),(1637,'frozen'),(1638,'fruit'),(1639,'frustrate'),(1640,'frustration'),(1641,'fucking'),(1642,'fuel'),(1643,'full'),(1644,'full-time'),(1645,'fully'),(1646,'fun'),(1647,'function'),(1648,'functional'),(1649,'fund'),(1650,'fundamental'),(1651,'funding'),(1652,'funeral'),(1653,'funny'),(1654,'fur'),(1655,'furniture'),(1656,'furthermore'),(1657,'future'),(1658,'gain'),(1659,'galaxy'),(1660,'gallery'),(1661,'game'),(1662,'gang'),(1663,'gap'),(1664,'garage'),(1665,'garbage'),(1666,'garden'),(1667,'garlic'),(1668,'gas'),(1669,'gasoline'),(1670,'gate'),(1671,'gather'),(1672,'gathering'),(1673,'gay'),(1674,'gaze'),(1675,'gear'),(1676,'gender'),(1677,'gene'),(1678,'general'),(1679,'generally'),(1680,'generate'),(1681,'generation'),(1682,'generous'),(1683,'genetic'),(1684,'genius'),(1685,'genre'),(1686,'gentle'),(1687,'gentleman'),(1688,'gently'),(1689,'genuine'),(1690,'German'),(1691,'gesture'),(1692,'get'),(1693,'ghost'),(1694,'giant'),(1695,'gift'),(1696,'gifted'),(1697,'girl'),(1698,'girlfriend'),(1699,'give'),(1700,'given'),(1701,'glad'),(1702,'glance'),(1703,'glass'),(1704,'glimpse'),(1705,'global'),(1706,'globe'),(1707,'glory'),(1708,'glove'),(1709,'goal'),(1710,'goat'),(1711,'God'),(1712,'gold'),(1713,'golden'),(1714,'golf'),(1715,'good'),(1716,'govern'),(1717,'government'),(1718,'governor'),(1719,'grab'),(1720,'grace'),(1721,'grade'),(1722,'gradually'),(1723,'graduate'),(1724,'graduation'),(1725,'grain'),(1726,'grand'),(1727,'grandchild'),(1728,'grandfather'),(1729,'grandmother'),(1730,'grandparent'),(1731,'grant'),(1732,'grape'),(1733,'grasp'),(1734,'grass'),(1735,'grateful'),(1736,'grave'),(1737,'gravity'),(1738,'gray'),(1739,'great'),(1740,'greatest'),(1741,'greatly'),(1742,'Greek'),(1743,'green'),(1744,'greet'),(1745,'grief'),(1746,'grin'),(1747,'grip'),(1748,'grocery'),(1749,'gross'),(1750,'ground'),(1751,'group'),(1752,'grow'),(1753,'growing'),(1754,'growth'),(1755,'guarantee'),(1756,'guard'),(1757,'guess'),(1758,'guest'),(1759,'guidance'),(1760,'guide'),(1761,'guideline'),(1762,'guilt'),(1763,'guilty'),(1764,'guitar'),(1765,'gun'),(1766,'gut'),(1767,'guy'),(1768,'gym'),(1769,'ha'),(1770,'habit'),(1771,'habitat'),(1772,'hair'),(1773,'half'),(1774,'halfway'),(1775,'hall'),(1776,'hallway'),(1777,'hand'),(1778,'handful'),(1779,'handle'),(1780,'handsome'),(1781,'hang'),(1782,'happen'),(1783,'happily'),(1784,'happiness'),(1785,'happy'),(1786,'harassment'),(1787,'hard'),(1788,'hardly'),(1789,'hardware'),(1790,'harm'),(1791,'harmony'),(1792,'harsh'),(1793,'harvest'),(1794,'hat'),(1795,'hate'),(1796,'haul'),(1797,'have'),(1798,'hay'),(1799,'hazard'),(1800,'head'),(1801,'headache'),(1802,'headline'),(1803,'headquarters'),(1804,'heal'),(1805,'health'),(1806,'health-care'),(1807,'healthy'),(1808,'hear'),(1809,'hearing'),(1810,'heart'),(1811,'heat'),(1812,'heaven'),(1813,'heavily'),(1814,'heavy'),(1815,'heel'),(1816,'height'),(1817,'helicopter'),(1818,'hell'),(1819,'hello'),(1820,'helmet'),(1821,'help'),(1822,'helpful'),(1823,'hence'),(1824,'her'),(1825,'herb'),(1826,'here'),(1827,'heritage'),(1828,'hero'),(1829,'hers'),(1830,'herself'),(1831,'hesitate'),(1832,'hey'),(1833,'hi'),(1834,'hidden'),(1835,'hide'),(1836,'high'),(1837,'highlight'),(1838,'highly'),(1839,'high-tech'),(1840,'highway'),(1841,'hike'),(1842,'hill'),(1843,'him'),(1844,'himself'),(1845,'hint'),(1846,'hip'),(1847,'hire'),(1848,'his'),(1849,'Hispanic'),(1850,'historian'),(1851,'historic'),(1852,'historical'),(1853,'historically'),(1854,'history'),(1855,'hit'),(1856,'hockey'),(1857,'hold'),(1858,'hole'),(1859,'holiday'),(1860,'holy'),(1861,'home'),(1862,'homeland'),(1863,'homeless'),(1864,'homework'),(1865,'honest'),(1866,'honestly'),(1867,'honey'),(1868,'honor'),(1869,'hook'),(1870,'hope'),(1871,'hopefully'),(1872,'horizon'),(1873,'hormone'),(1874,'horn'),(1875,'horrible'),(1876,'horror'),(1877,'horse'),(1878,'hospital'),(1879,'host'),(1880,'hostage'),(1881,'hostile'),(1882,'hot'),(1883,'hotel'),(1884,'hour'),(1885,'house'),(1886,'household'),(1887,'housing'),(1888,'how'),(1889,'however'),(1890,'hug'),(1891,'huge'),(1892,'huh'),(1893,'human'),(1894,'humanity'),(1895,'humor'),(1896,'hundred'),(1897,'hunger'),(1898,'hungry'),(1899,'hunt'),(1900,'hunter'),(1901,'hunting'),(1902,'hurricane'),(1903,'hurry'),(1904,'hurt'),(1905,'husband'),(1906,'hypothesis'),(1907,'ice'),(1908,'icon'),(1909,'idea'),(1910,'ideal'),(1911,'identical'),(1912,'identification'),(1913,'identify'),(1914,'identity'),(1915,'ideological'),(1916,'ideology'),(1917,'ie'),(1918,'ignore'),(1919,'ill'),(1920,'illegal'),(1921,'illness'),(1922,'illusion'),(1923,'illustrate'),(1924,'image'),(1925,'imagination'),(1926,'imagine'),(1927,'immediate'),(1928,'immediately'),(1929,'immigrant'),(1930,'immigration'),(1931,'immune'),(1932,'impact'),(1933,'implement'),(1934,'implementation'),(1935,'implication'),(1936,'imply'),(1937,'import'),(1938,'importance'),(1939,'important'),(1940,'importantly'),(1941,'impose'),(1942,'impossible'),(1943,'impress'),(1944,'impression'),(1945,'impressive'),(1946,'improve'),(1947,'improved'),(1948,'improvement'),(1949,'impulse'),(1950,'incentive'),(1951,'incident'),(1952,'include'),(1953,'including'),(1954,'income'),(1955,'incorporate'),(1956,'increase'),(1957,'increased'),(1958,'increasing'),(1959,'increasingly'),(1960,'incredible'),(1961,'incredibly'),(1962,'indeed'),(1963,'independence'),(1964,'independent'),(1965,'index'),(1966,'Indian'),(1967,'indicate'),(1968,'indication'),(1969,'indicator'),(1970,'indigenous'),(1971,'individual'),(1972,'industrial'),(1973,'industry'),(1974,'inevitable'),(1975,'inevitably'),(1976,'infant'),(1977,'infection'),(1978,'inflation'),(1979,'influence'),(1980,'influential'),(1981,'inform'),(1982,'informal'),(1983,'information'),(1984,'infrastructure'),(1985,'ingredient'),(1986,'inherent'),(1987,'inherit'),(1988,'initial'),(1989,'initially'),(1990,'initiate'),(1991,'initiative'),(1992,'injure'),(1993,'injury'),(1994,'inmate'),(1995,'inner'),(1996,'innocent'),(1997,'innovation'),(1998,'innovative'),(1999,'input'),(2000,'inquiry'),(2001,'insect'),(2002,'insert'),(2003,'inside'),(2004,'insight'),(2005,'insist'),(2006,'inspection'),(2007,'inspector'),(2008,'inspiration'),(2009,'inspire'),(2010,'install'),(2011,'installation'),(2012,'instance'),(2013,'instant'),(2014,'instantly'),(2015,'instead'),(2016,'instinct'),(2017,'institution'),(2018,'institutional'),(2019,'instruct'),(2020,'instruction'),(2021,'instructional'),(2022,'instructor'),(2023,'instrument'),(2024,'insurance'),(2025,'intact'),(2026,'integrate'),(2027,'integrated'),(2028,'integration'),(2029,'integrity'),(2030,'intellectual'),(2031,'intelligence'),(2032,'intelligent'),(2033,'intend'),(2034,'intense'),(2035,'intensity'),(2036,'intent'),(2037,'intention'),(2038,'interact'),(2039,'interaction'),(2040,'interest'),(2041,'interested'),(2042,'interesting'),(2043,'interfere'),(2044,'interior'),(2045,'internal'),(2046,'international'),(2047,'Internet'),(2048,'interpret'),(2049,'interpretation'),(2050,'interrupt'),(2051,'interval'),(2052,'intervention'),(2053,'interview'),(2054,'intimate'),(2055,'into'),(2056,'introduce'),(2057,'introduction'),(2058,'invade'),(2059,'invasion'),(2060,'invent'),(2061,'invention'),(2062,'inventory'),(2063,'invest'),(2064,'investigate'),(2065,'investigation'),(2066,'investigator'),(2067,'investment'),(2068,'investor'),(2069,'invisible'),(2070,'invitation'),(2071,'invite'),(2072,'involve'),(2073,'involved'),(2074,'involvement'),(2075,'Iraqi'),(2076,'Irish'),(2077,'iron'),(2078,'ironically'),(2079,'irony'),(2080,'Islam'),(2081,'Islamic'),(2082,'island'),(2083,'isolate'),(2084,'isolated'),(2085,'isolation'),(2086,'Israeli'),(2087,'issue'),(2088,'Italian'),(2089,'item'),(2090,'its'),(2091,'itself'),(2092,'jacket'),(2093,'jail'),(2094,'Japanese'),(2095,'jar'),(2096,'jaw'),(2097,'jazz'),(2098,'jeans'),(2099,'jet'),(2100,'Jew'),(2101,'jewelry'),(2102,'Jewish'),(2103,'job'),(2104,'join'),(2105,'joint'),(2106,'joke'),(2107,'journal'),(2108,'journalism'),(2109,'journalist'),(2110,'journey'),(2111,'joy'),(2112,'judge'),(2113,'judgment'),(2114,'judicial'),(2115,'juice'),(2116,'jump'),(2117,'jungle'),(2118,'junior'),(2119,'jurisdiction'),(2120,'juror'),(2121,'jury'),(2122,'just'),(2123,'justice'),(2124,'justify'),(2125,'keep'),(2126,'key'),(2127,'kick'),(2128,'kid'),(2129,'kill'),(2130,'killer'),(2131,'killing'),(2132,'kind'),(2133,'king'),(2134,'kingdom'),(2135,'kiss'),(2136,'kit'),(2137,'kitchen'),(2138,'knee'),(2139,'kneel'),(2140,'knife'),(2141,'knock'),(2142,'know'),(2143,'knowledge'),(2144,'known'),(2145,'Korean'),(2146,'lab'),(2147,'label'),(2148,'labor'),(2149,'laboratory'),(2150,'lack'),(2151,'ladder'),(2152,'lady'),(2153,'lake'),(2154,'lamp'),(2155,'land'),(2156,'landing'),(2157,'landmark'),(2158,'landscape'),(2159,'lane'),(2160,'language'),(2161,'lap'),(2162,'large'),(2163,'largely'),(2164,'laser'),(2165,'last'),(2166,'late'),(2167,'lately'),(2168,'later'),(2169,'Latin'),(2170,'latter'),(2171,'laugh'),(2172,'laughter'),(2173,'launch'),(2174,'law'),(2175,'lawmaker'),(2176,'lawn'),(2177,'lawsuit'),(2178,'lawyer'),(2179,'lay'),(2180,'layer'),(2181,'lead'),(2182,'leader'),(2183,'leadership'),(2184,'leading'),(2185,'leaf'),(2186,'league'),(2187,'lean'),(2188,'leap'),(2189,'learn'),(2190,'learning'),(2191,'least'),(2192,'leather'),(2193,'leave'),(2194,'lecture'),(2195,'left'),(2196,'leg'),(2197,'legacy'),(2198,'legal'),(2199,'legally'),(2200,'legend'),(2201,'legislation'),(2202,'legislative'),(2203,'legislator'),(2204,'legislature'),(2205,'legitimate'),(2206,'lemon'),(2207,'lend'),(2208,'length'),(2209,'lens'),(2210,'less'),(2211,'lesson'),(2212,'let'),(2213,'letter'),(2214,'level'),(2215,'liability'),(2216,'liberal'),(2217,'liberty'),(2218,'library'),(2219,'license'),(2220,'lid'),(2221,'lie'),(2222,'life'),(2223,'lifestyle'),(2224,'lifetime'),(2225,'lift'),(2226,'light'),(2227,'lighting'),(2228,'lightly'),(2229,'lightning'),(2230,'like'),(2231,'likelihood'),(2232,'likely'),(2233,'likewise'),(2234,'limb'),(2235,'limit'),(2236,'limitation'),(2237,'limited'),(2238,'line'),(2239,'link'),(2240,'lion'),(2241,'lip'),(2242,'liquid'),(2243,'list'),(2244,'listen'),(2245,'listener'),(2246,'literally'),(2247,'literary'),(2248,'literature'),(2249,'little'),(2250,'live'),(2251,'liver'),(2252,'living'),(2253,'load'),(2254,'loan'),(2255,'lobby'),(2256,'local'),(2257,'locate'),(2258,'location'),(2259,'lock'),(2260,'log'),(2261,'logic'),(2262,'logical'),(2263,'lonely'),(2264,'long'),(2265,'long-term'),(2266,'longtime'),(2267,'look'),(2268,'loop'),(2269,'loose'),(2270,'lose'),(2271,'loss'),(2272,'lost'),(2273,'lot'),(2274,'lots'),(2275,'loud'),(2276,'love'),(2277,'lovely'),(2278,'lover'),(2279,'low'),(2280,'lower'),(2281,'loyal'),(2282,'loyalty'),(2283,'luck'),(2284,'lucky'),(2285,'lunch'),(2286,'lung'),(2287,'machine'),(2288,'mad'),(2289,'magazine'),(2290,'magic'),(2291,'magnetic'),(2292,'magnitude'),(2293,'mail'),(2294,'main'),(2295,'mainly'),(2296,'mainstream'),(2297,'maintain'),(2298,'maintenance'),(2299,'major'),(2300,'majority'),(2301,'make'),(2302,'maker'),(2303,'makeup'),(2304,'male'),(2305,'mall'),(2306,'man'),(2307,'manage'),(2308,'management'),(2309,'manager'),(2310,'managing'),(2311,'mandate'),(2312,'manipulate'),(2313,'manner'),(2314,'mansion'),(2315,'manufacturer'),(2316,'manufacturing'),(2317,'many'),(2318,'map'),(2319,'marble'),(2320,'march'),(2321,'margin'),(2322,'marine'),(2323,'mark'),(2324,'marker'),(2325,'market'),(2326,'marketing'),(2327,'marketplace'),(2328,'marriage'),(2329,'married'),(2330,'marry'),(2331,'mask'),(2332,'mass'),(2333,'massive'),(2334,'master'),(2335,'match'),(2336,'mate'),(2337,'material'),(2338,'math'),(2339,'mathematics'),(2340,'matter'),(2341,'maximum'),(2342,'may'),(2343,'maybe'),(2344,'mayor'),(2345,'meal'),(2346,'mean'),(2347,'meaning'),(2348,'meaningful'),(2349,'meantime'),(2350,'meanwhile'),(2351,'measure'),(2352,'measurement'),(2353,'meat'),(2354,'mechanic'),(2355,'mechanical'),(2356,'mechanism'),(2357,'medal'),(2358,'media'),(2359,'medical'),(2360,'medication'),(2361,'medicine'),(2362,'medium'),(2363,'meet'),(2364,'meeting'),(2365,'melt'),(2366,'member'),(2367,'membership'),(2368,'memory'),(2369,'mental'),(2370,'mentally'),(2371,'mention'),(2372,'mentor'),(2373,'menu'),(2374,'merchant'),(2375,'mere'),(2376,'merely'),(2377,'merit'),(2378,'mess'),(2379,'message'),(2380,'metal'),(2381,'metaphor'),(2382,'meter'),(2383,'method'),(2384,'metropolitan'),(2385,'Mexican'),(2386,'middle'),(2387,'midnight'),(2388,'midst'),(2389,'might'),(2390,'migration'),(2391,'mild'),(2392,'military'),(2393,'milk'),(2394,'mill'),(2395,'million'),(2396,'mind'),(2397,'mine'),(2398,'mineral'),(2399,'minimal'),(2400,'minimize'),(2401,'minimum'),(2402,'minister'),(2403,'ministry'),(2404,'minor'),(2405,'minority'),(2406,'minute'),(2407,'miracle'),(2408,'mirror'),(2409,'miss'),(2410,'missile'),(2411,'missing'),(2412,'mission'),(2413,'missionary'),(2414,'mistake'),(2415,'mix'),(2416,'mixed'),(2417,'mixture'),(2418,'mm-hmm'),(2419,'mobile'),(2420,'mode'),(2421,'model'),(2422,'moderate'),(2423,'modern'),(2424,'modest'),(2425,'modify'),(2426,'molecule'),(2427,'mom'),(2428,'moment'),(2429,'momentum'),(2430,'money'),(2431,'monitor'),(2432,'monkey'),(2433,'monster'),(2434,'month'),(2435,'monthly'),(2436,'monument'),(2437,'mood'),(2438,'moon'),(2439,'moral'),(2440,'more'),(2441,'moreover'),(2442,'morning'),(2443,'mortality'),(2444,'mortgage'),(2445,'most'),(2446,'mostly'),(2447,'mother'),(2448,'motion'),(2449,'motivate'),(2450,'motivation'),(2451,'motive'),(2452,'motor'),(2453,'mount'),(2454,'mountain'),(2455,'mouse'),(2456,'mouth'),(2457,'move'),(2458,'movement'),(2459,'movie'),(2460,'Mr'),(2461,'Mrs'),(2462,'Ms'),(2463,'much'),(2464,'mud'),(2465,'multiple'),(2466,'municipal'),(2467,'murder'),(2468,'muscle'),(2469,'museum'),(2470,'mushroom'),(2471,'music'),(2472,'musical'),(2473,'musician'),(2474,'Muslim'),(2475,'must'),(2476,'mutter'),(2477,'mutual'),(2478,'myself'),(2479,'mysterious'),(2480,'mystery'),(2481,'myth'),(2482,'nail'),(2483,'naked'),(2484,'name'),(2485,'narrative'),(2486,'narrow'),(2487,'nasty'),(2488,'nation'),(2489,'national'),(2490,'nationwide'),(2491,'native'),(2492,'natural'),(2493,'naturally'),(2494,'nature'),(2495,'near'),(2496,'nearby'),(2497,'nearly'),(2498,'neat'),(2499,'necessarily'),(2500,'necessary'),(2501,'necessity'),(2502,'neck'),(2503,'need'),(2504,'needle'),(2505,'negative'),(2506,'negotiate'),(2507,'negotiation'),(2508,'neighbor'),(2509,'neighborhood'),(2510,'neighboring'),(2511,'neither'),(2512,'nerve'),(2513,'nervous'),(2514,'nest'),(2515,'net'),(2516,'network'),(2517,'neutral'),(2518,'never'),(2519,'nevertheless'),(2520,'new'),(2521,'newly'),(2522,'news'),(2523,'newspaper'),(2524,'next'),(2525,'nice'),(2526,'night'),(2527,'nightmare'),(2528,'nine'),(2529,'nobody'),(2530,'nod'),(2531,'noise'),(2532,'nomination'),(2533,'nominee'),(2534,'none'),(2535,'nonetheless'),(2536,'nonprofit'),(2537,'noon'),(2538,'nor'),(2539,'norm'),(2540,'normal'),(2541,'normally'),(2542,'north'),(2543,'northeast'),(2544,'northern'),(2545,'northwest'),(2546,'nose'),(2547,'not'),(2548,'note'),(2549,'notebook'),(2550,'nothing'),(2551,'notice'),(2552,'notion'),(2553,'novel'),(2554,'now'),(2555,'nowhere'),(2556,'nuclear'),(2557,'number'),(2558,'numerous'),(2559,'nurse'),(2560,'nut'),(2561,'nutrient'),(2562,'oak'),(2563,'object'),(2564,'objection'),(2565,'objective'),(2566,'obligation'),(2567,'observation'),(2568,'observe'),(2569,'observer'),(2570,'obstacle'),(2571,'obtain'),(2572,'obvious'),(2573,'obviously'),(2574,'occasion'),(2575,'occasional'),(2576,'occasionally'),(2577,'occupation'),(2578,'occupy'),(2579,'occur'),(2580,'ocean'),(2581,'o\'clock'),(2582,'odd'),(2583,'odds'),(2584,'off'),(2585,'offender'),(2586,'offense'),(2587,'offensive'),(2588,'offer'),(2589,'offering'),(2590,'office'),(2591,'officer'),(2592,'official'),(2593,'officially'),(2594,'often'),(2595,'oh'),(2596,'oil'),(2597,'ok'),(2598,'okay'),(2599,'old'),(2600,'old-fashioned'),(2601,'Olympic'),(2602,'Olympics'),(2603,'once'),(2604,'one'),(2605,'one-third'),(2606,'ongoing'),(2607,'onion'),(2608,'online'),(2609,'only'),(2610,'onto'),(2611,'open'),(2612,'opening'),(2613,'openly'),(2614,'opera'),(2615,'operate'),(2616,'operating'),(2617,'operation'),(2618,'operator'),(2619,'opinion'),(2620,'opponent'),(2621,'opportunity'),(2622,'oppose'),(2623,'opposed'),(2624,'opposite'),(2625,'opposition'),(2626,'opt'),(2627,'optimistic'),(2628,'option'),(2629,'oral'),(2630,'orange'),(2631,'orbit'),(2632,'order'),(2633,'ordinary'),(2634,'organ'),(2635,'organic'),(2636,'organism'),(2637,'organization'),(2638,'organizational'),(2639,'organize'),(2640,'organized'),(2641,'orientation'),(2642,'origin'),(2643,'original'),(2644,'originally'),(2645,'other'),(2646,'others'),(2647,'otherwise'),(2648,'ought'),(2649,'our'),(2650,'ours'),(2651,'ourselves'),(2652,'out'),(2653,'outcome'),(2654,'outdoor'),(2655,'outer'),(2656,'outfit'),(2657,'outlet'),(2658,'outline'),(2659,'output'),(2660,'outside'),(2661,'outsider'),(2662,'outstanding'),(2663,'oven'),(2664,'over'),(2665,'overall'),(2666,'overcome'),(2667,'overlook'),(2668,'overnight'),(2669,'oversee'),(2670,'overwhelm'),(2671,'overwhelming'),(2672,'owe'),(2673,'own'),(2674,'owner'),(2675,'ownership'),(2676,'oxygen'),(2677,'pace'),(2678,'pack'),(2679,'package'),(2680,'pad'),(2681,'page'),(2682,'pain'),(2683,'painful'),(2684,'paint'),(2685,'painter'),(2686,'painting'),(2687,'pair'),(2688,'palace'),(2689,'pale'),(2690,'Palestinian'),(2691,'palm'),(2692,'pan'),(2693,'panel'),(2694,'panic'),(2695,'pant'),(2696,'paper'),(2697,'parade'),(2698,'parent'),(2699,'parental'),(2700,'parish'),(2701,'park'),(2702,'parking'),(2703,'part'),(2704,'partial'),(2705,'partially'),(2706,'participant'),(2707,'participate'),(2708,'participation'),(2709,'particle'),(2710,'particular'),(2711,'particularly'),(2712,'partly'),(2713,'partner'),(2714,'partnership'),(2715,'party'),(2716,'pass'),(2717,'passage'),(2718,'passenger'),(2719,'passing'),(2720,'passion'),(2721,'past'),(2722,'pasta'),(2723,'pastor'),(2724,'pat'),(2725,'patch'),(2726,'patent'),(2727,'path'),(2728,'patience'),(2729,'patient'),(2730,'patrol'),(2731,'patron'),(2732,'pattern'),(2733,'pause'),(2734,'pay'),(2735,'payment'),(2736,'PC'),(2737,'peace'),(2738,'peaceful'),(2739,'peak'),(2740,'peanut'),(2741,'peasant'),(2742,'peel'),(2743,'peer'),(2744,'pen'),(2745,'penalty'),(2746,'pencil'),(2747,'pension'),(2748,'people'),(2749,'pepper'),(2750,'per'),(2751,'perceive'),(2752,'perceived'),(2753,'percentage'),(2754,'perception'),(2755,'perfect'),(2756,'perfectly'),(2757,'perform'),(2758,'performance'),(2759,'performer'),(2760,'perhaps'),(2761,'period'),(2762,'permanent'),(2763,'permission'),(2764,'permit'),(2765,'Persian'),(2766,'persist'),(2767,'person'),(2768,'personal'),(2769,'personality'),(2770,'personally'),(2771,'personnel'),(2772,'perspective'),(2773,'persuade'),(2774,'pet'),(2775,'phase'),(2776,'phenomenon'),(2777,'philosophical'),(2778,'philosophy'),(2779,'phone'),(2780,'photo'),(2781,'photograph'),(2782,'photographer'),(2783,'photography'),(2784,'phrase'),(2785,'physical'),(2786,'physically'),(2787,'physician'),(2788,'physics'),(2789,'piano'),(2790,'pick'),(2791,'pickup'),(2792,'picture'),(2793,'pie'),(2794,'piece'),(2795,'pig'),(2796,'pile'),(2797,'pill'),(2798,'pillow'),(2799,'pilot'),(2800,'pin'),(2801,'pine'),(2802,'pink'),(2803,'pioneer'),(2804,'pipe'),(2805,'pit'),(2806,'pitch'),(2807,'pitcher'),(2808,'pizza'),(2809,'place'),(2810,'placement'),(2811,'plain'),(2812,'plan'),(2813,'plane'),(2814,'planet'),(2815,'planner'),(2816,'planning'),(2817,'plant'),(2818,'plastic'),(2819,'plate'),(2820,'platform'),(2821,'play'),(2822,'player'),(2823,'playoff'),(2824,'plea'),(2825,'plead'),(2826,'pleasant'),(2827,'please'),(2828,'pleased'),(2829,'pleasure'),(2830,'plenty'),(2831,'plot'),(2832,'plunge'),(2833,'plus'),(2834,'PM'),(2835,'pocket'),(2836,'poem'),(2837,'poet'),(2838,'poetry'),(2839,'point'),(2840,'poke'),(2841,'pole'),(2842,'police'),(2843,'policeman'),(2844,'policy'),(2845,'political'),(2846,'politically'),(2847,'politician'),(2848,'politics'),(2849,'poll'),(2850,'pollution'),(2851,'pond'),(2852,'pool'),(2853,'poor'),(2854,'pop'),(2855,'popular'),(2856,'popularity'),(2857,'population'),(2858,'porch'),(2859,'pork'),(2860,'port'),(2861,'portfolio'),(2862,'portion'),(2863,'portrait'),(2864,'portray'),(2865,'pose'),(2866,'position'),(2867,'positive'),(2868,'possess'),(2869,'possession'),(2870,'possibility'),(2871,'possible'),(2872,'possibly'),(2873,'post'),(2874,'poster'),(2875,'pot'),(2876,'potato'),(2877,'potential'),(2878,'potentially'),(2879,'pound'),(2880,'pour'),(2881,'poverty'),(2882,'powder'),(2883,'power'),(2884,'powerful'),(2885,'practical'),(2886,'practically'),(2887,'practice'),(2888,'practitioner'),(2889,'praise'),(2890,'pray'),(2891,'prayer'),(2892,'preach'),(2893,'precious'),(2894,'precise'),(2895,'precisely'),(2896,'predator'),(2897,'predict'),(2898,'prediction'),(2899,'prefer'),(2900,'preference'),(2901,'pregnancy'),(2902,'pregnant'),(2903,'preliminary'),(2904,'premise'),(2905,'premium'),(2906,'preparation'),(2907,'prepare'),(2908,'prescription'),(2909,'presence'),(2910,'present'),(2911,'presentation'),(2912,'preserve'),(2913,'presidency'),(2914,'president'),(2915,'presidential'),(2916,'press'),(2917,'pressure'),(2918,'presumably'),(2919,'pretend'),(2920,'pretty'),(2921,'prevail'),(2922,'prevent'),(2923,'prevention'),(2924,'previous'),(2925,'previously'),(2926,'price'),(2927,'pride'),(2928,'priest'),(2929,'primarily'),(2930,'primary'),(2931,'prime'),(2932,'principal'),(2933,'principle'),(2934,'print'),(2935,'prior'),(2936,'priority'),(2937,'prison'),(2938,'prisoner'),(2939,'privacy'),(2940,'private'),(2941,'privately'),(2942,'privilege'),(2943,'prize'),(2944,'pro'),(2945,'probably'),(2946,'problem'),(2947,'procedure'),(2948,'proceed'),(2949,'process'),(2950,'processing'),(2951,'processor'),(2952,'proclaim'),(2953,'produce'),(2954,'producer'),(2955,'product'),(2956,'production'),(2957,'productive'),(2958,'productivity'),(2959,'profession'),(2960,'professional'),(2961,'professor'),(2962,'profile'),(2963,'profit'),(2964,'profound'),(2965,'program'),(2966,'programming'),(2967,'progress'),(2968,'progressive'),(2969,'prohibit'),(2970,'project'),(2971,'projection'),(2972,'prominent'),(2973,'promise'),(2974,'promising'),(2975,'promote'),(2976,'promotion'),(2977,'prompt'),(2978,'proof'),(2979,'proper'),(2980,'properly'),(2981,'property'),(2982,'proportion'),(2983,'proposal'),(2984,'propose'),(2985,'proposed'),(2986,'prosecution'),(2987,'prosecutor'),(2988,'prospect'),(2989,'protect'),(2990,'protection'),(2991,'protective'),(2992,'protein'),(2993,'protest'),(2994,'protocol'),(2995,'proud'),(2996,'prove'),(2997,'provide'),(2998,'provided'),(2999,'provider'),(3000,'province'),(3001,'provision'),(3002,'provoke'),(3003,'psychological'),(3004,'psychologist'),(3005,'psychology'),(3006,'public'),(3007,'publication'),(3008,'publicity'),(3009,'publicly'),(3010,'publish'),(3011,'publisher'),(3012,'pull'),(3013,'pulse'),(3014,'pump'),(3015,'punch'),(3016,'punish'),(3017,'punishment'),(3018,'purchase'),(3019,'pure'),(3020,'purple'),(3021,'purpose'),(3022,'purse'),(3023,'pursue'),(3024,'pursuit'),(3025,'push'),(3026,'put'),(3027,'puzzle'),(3028,'qualify'),(3029,'quality'),(3030,'quantity'),(3031,'quarter'),(3032,'quarterback'),(3033,'queen'),(3034,'quest'),(3035,'question'),(3036,'questionnaire'),(3037,'quick'),(3038,'quickly'),(3039,'quiet'),(3040,'quietly'),(3041,'quit'),(3042,'quite'),(3043,'quote'),(3044,'rabbit'),(3045,'race'),(3046,'racial'),(3047,'racism'),(3048,'rack'),(3049,'radar'),(3050,'radiation'),(3051,'radical'),(3052,'radio'),(3053,'rage'),(3054,'rail'),(3055,'railroad'),(3056,'rain'),(3057,'raise'),(3058,'rally'),(3059,'ranch'),(3060,'random'),(3061,'range'),(3062,'rank'),(3063,'rape'),(3064,'rapid'),(3065,'rapidly'),(3066,'rare'),(3067,'rarely'),(3068,'rat'),(3069,'rate'),(3070,'rather'),(3071,'rating'),(3072,'ratio'),(3073,'rational'),(3074,'raw'),(3075,'re'),(3076,'reach'),(3077,'react'),(3078,'reaction'),(3079,'read'),(3080,'reader'),(3081,'readily'),(3082,'reading'),(3083,'ready'),(3084,'real'),(3085,'realistic'),(3086,'reality'),(3087,'realize'),(3088,'really'),(3089,'realm'),(3090,'rear'),(3091,'reason'),(3092,'reasonable'),(3093,'rebel'),(3094,'rebuild'),(3095,'recall'),(3096,'receive'),(3097,'receiver'),(3098,'recent'),(3099,'recently'),(3100,'reception'),(3101,'recession'),(3102,'recipe'),(3103,'recipient'),(3104,'recognition'),(3105,'recognize'),(3106,'recommend'),(3107,'recommendation'),(3108,'record'),(3109,'recording'),(3110,'recover'),(3111,'recovery'),(3112,'recruit'),(3113,'red'),(3114,'reduce'),(3115,'reduction'),(3116,'refer'),(3117,'reference'),(3118,'reflect'),(3119,'reflection'),(3120,'reform'),(3121,'refrigerator'),(3122,'refuge'),(3123,'refugee'),(3124,'refuse'),(3125,'regain'),(3126,'regard'),(3127,'regarding'),(3128,'regardless'),(3129,'regime'),(3130,'region'),(3131,'regional'),(3132,'register'),(3133,'regret'),(3134,'regular'),(3135,'regularly'),(3136,'regulate'),(3137,'regulation'),(3138,'regulator'),(3139,'regulatory'),(3140,'rehabilitation'),(3141,'reinforce'),(3142,'reject'),(3143,'relate'),(3144,'related'),(3145,'relation'),(3146,'relationship'),(3147,'relative'),(3148,'relatively'),(3149,'relax'),(3150,'release'),(3151,'relevant'),(3152,'reliability'),(3153,'reliable'),(3154,'relief'),(3155,'relieve'),(3156,'religion'),(3157,'religious'),(3158,'reluctant'),(3159,'rely'),(3160,'remain'),(3161,'remaining'),(3162,'remark'),(3163,'remarkable'),(3164,'remember'),(3165,'remind'),(3166,'reminder'),(3167,'remote'),(3168,'removal'),(3169,'remove'),(3170,'render'),(3171,'rent'),(3172,'rental'),(3173,'repair'),(3174,'repeat'),(3175,'repeatedly'),(3176,'replace'),(3177,'replacement'),(3178,'reply'),(3179,'report'),(3180,'reportedly'),(3181,'reporter'),(3182,'reporting'),(3183,'represent'),(3184,'representation'),(3185,'representative'),(3186,'republic'),(3187,'Republican'),(3188,'reputation'),(3189,'request'),(3190,'require'),(3191,'required'),(3192,'requirement'),(3193,'rescue'),(3194,'research'),(3195,'researcher'),(3196,'resemble'),(3197,'reservation'),(3198,'reserve'),(3199,'residence'),(3200,'resident'),(3201,'residential'),(3202,'resign'),(3203,'resist'),(3204,'resistance'),(3205,'resolution'),(3206,'resolve'),(3207,'resort'),(3208,'resource'),(3209,'respect'),(3210,'respectively'),(3211,'respond'),(3212,'respondent'),(3213,'response'),(3214,'responsibility'),(3215,'responsible'),(3216,'rest'),(3217,'restaurant'),(3218,'restore'),(3219,'restrict'),(3220,'restriction'),(3221,'result'),(3222,'resume'),(3223,'retail'),(3224,'retailer'),(3225,'retain'),(3226,'retire'),(3227,'retired'),(3228,'retirement'),(3229,'retreat'),(3230,'return'),(3231,'reveal'),(3232,'revelation'),(3233,'revenue'),(3234,'reverse'),(3235,'review'),(3236,'revolution'),(3237,'revolutionary'),(3238,'reward'),(3239,'rhetoric'),(3240,'rhythm'),(3241,'rib'),(3242,'ribbon'),(3243,'rice'),(3244,'rich'),(3245,'rid'),(3246,'ride'),(3247,'rider'),(3248,'ridge'),(3249,'ridiculous'),(3250,'rifle'),(3251,'right'),(3252,'rim'),(3253,'ring'),(3254,'riot'),(3255,'rip'),(3256,'rise'),(3257,'risk'),(3258,'risky'),(3259,'ritual'),(3260,'rival'),(3261,'river'),(3262,'road'),(3263,'robot'),(3264,'rock'),(3265,'rocket'),(3266,'rod'),(3267,'role'),(3268,'roll'),(3269,'rolling'),(3270,'Roman'),(3271,'romance'),(3272,'romantic'),(3273,'roof'),(3274,'room'),(3275,'root'),(3276,'rope'),(3277,'rose'),(3278,'rough'),(3279,'roughly'),(3280,'round'),(3281,'route'),(3282,'routine'),(3283,'routinely'),(3284,'row'),(3285,'royal'),(3286,'rub'),(3287,'rubber'),(3288,'ruin'),(3289,'rule'),(3290,'ruling'),(3291,'rumor'),(3292,'run'),(3293,'runner'),(3294,'running'),(3295,'rural'),(3296,'rush'),(3297,'Russian'),(3298,'sack'),(3299,'sacred'),(3300,'sacrifice'),(3301,'sad'),(3302,'safe'),(3303,'safely'),(3304,'safety'),(3305,'sail'),(3306,'sake'),(3307,'salad'),(3308,'salary'),(3309,'sale'),(3310,'sales'),(3311,'salmon'),(3312,'salt'),(3313,'same'),(3314,'sample'),(3315,'sanction'),(3316,'sand'),(3317,'sandwich'),(3318,'satellite'),(3319,'satisfaction'),(3320,'satisfy'),(3321,'sauce'),(3322,'save'),(3323,'saving'),(3324,'say'),(3325,'scale'),(3326,'scan'),(3327,'scandal'),(3328,'scare'),(3329,'scared'),(3330,'scary'),(3331,'scatter'),(3332,'scenario'),(3333,'scene'),(3334,'scent'),(3335,'schedule'),(3336,'scheme'),(3337,'scholar'),(3338,'scholarship'),(3339,'school'),(3340,'science'),(3341,'scientific'),(3342,'scientist'),(3343,'scope'),(3344,'score'),(3345,'scramble'),(3346,'scratch'),(3347,'scream'),(3348,'screen'),(3349,'screening'),(3350,'screw'),(3351,'script'),(3352,'sculpture'),(3353,'sea'),(3354,'seal'),(3355,'search'),(3356,'season'),(3357,'seat'),(3358,'second'),(3359,'secondary'),(3360,'secret'),(3361,'secretary'),(3362,'section'),(3363,'sector'),(3364,'secular'),(3365,'secure'),(3366,'security'),(3367,'see'),(3368,'seed'),(3369,'seek'),(3370,'seem'),(3371,'seemingly'),(3372,'segment'),(3373,'seize'),(3374,'seldom'),(3375,'select'),(3376,'selected'),(3377,'selection'),(3378,'self'),(3379,'self-esteem'),(3380,'sell'),(3381,'seller'),(3382,'seminar'),(3383,'Senate'),(3384,'senator'),(3385,'send'),(3386,'senior'),(3387,'sensation'),(3388,'sense'),(3389,'sensitive'),(3390,'sensitivity'),(3391,'sentence'),(3392,'sentiment'),(3393,'separate'),(3394,'separation'),(3395,'sequence'),(3396,'series'),(3397,'serious'),(3398,'seriously'),(3399,'servant'),(3400,'serve'),(3401,'service'),(3402,'serving'),(3403,'session'),(3404,'set'),(3405,'setting'),(3406,'settle'),(3407,'settlement'),(3408,'seven'),(3409,'seventh'),(3410,'several'),(3411,'severe'),(3412,'severely'),(3413,'sex'),(3414,'sexual'),(3415,'sexuality'),(3416,'sexually'),(3417,'sexy'),(3418,'shade'),(3419,'shadow'),(3420,'shake'),(3421,'shall'),(3422,'shallow'),(3423,'shame'),(3424,'shape'),(3425,'share'),(3426,'shared'),(3427,'shareholder'),(3428,'shark'),(3429,'sharp'),(3430,'sharply'),(3431,'she'),(3432,'shed'),(3433,'sheep'),(3434,'sheer'),(3435,'sheet'),(3436,'shelf'),(3437,'shell'),(3438,'shelter'),(3439,'shift'),(3440,'shine'),(3441,'ship'),(3442,'shirt'),(3443,'shit'),(3444,'shock'),(3445,'shoe'),(3446,'shoot'),(3447,'shooting'),(3448,'shop'),(3449,'shopping'),(3450,'shore'),(3451,'short'),(3452,'shortage'),(3453,'shortly'),(3454,'shorts'),(3455,'short-term'),(3456,'shot'),(3457,'should'),(3458,'shoulder'),(3459,'shout'),(3460,'shove'),(3461,'show'),(3462,'shower'),(3463,'shrimp'),(3464,'shrink'),(3465,'shrug'),(3466,'shut'),(3467,'shuttle'),(3468,'shy'),(3469,'sibling'),(3470,'sick'),(3471,'side'),(3472,'sidewalk'),(3473,'sigh'),(3474,'sight'),(3475,'sign'),(3476,'signal'),(3477,'signature'),(3478,'significance'),(3479,'significant'),(3480,'significantly'),(3481,'silence'),(3482,'silent'),(3483,'silk'),(3484,'silly'),(3485,'silver'),(3486,'similar'),(3487,'similarity'),(3488,'similarly'),(3489,'simple'),(3490,'simply'),(3491,'simultaneously'),(3492,'sin'),(3493,'since'),(3494,'sing'),(3495,'singer'),(3496,'single'),(3497,'sink'),(3498,'sir'),(3499,'sister'),(3500,'sit'),(3501,'site'),(3502,'situation'),(3503,'six'),(3504,'sixth'),(3505,'size'),(3506,'ski'),(3507,'skill'),(3508,'skilled'),(3509,'skin'),(3510,'skip'),(3511,'skirt'),(3512,'skull'),(3513,'sky'),(3514,'slam'),(3515,'slap'),(3516,'slave'),(3517,'slavery'),(3518,'sleep'),(3519,'sleeve'),(3520,'slice'),(3521,'slide'),(3522,'slight'),(3523,'slightly'),(3524,'slip'),(3525,'slope'),(3526,'slot'),(3527,'slow'),(3528,'slowly'),(3529,'small'),(3530,'smart'),(3531,'smell'),(3532,'smile'),(3533,'smoke'),(3534,'smooth'),(3535,'snake'),(3536,'snap'),(3537,'sneak'),(3538,'snow'),(3539,'soak'),(3540,'soap'),(3541,'soar'),(3542,'so-called'),(3543,'soccer'),(3544,'social'),(3545,'socially'),(3546,'society'),(3547,'sock'),(3548,'sodium'),(3549,'sofa'),(3550,'soft'),(3551,'soften'),(3552,'softly'),(3553,'software'),(3554,'soil'),(3555,'solar'),(3556,'soldier'),(3557,'sole'),(3558,'solely'),(3559,'solid'),(3560,'solution'),(3561,'solve'),(3562,'some'),(3563,'somebody'),(3564,'someday'),(3565,'somehow'),(3566,'someone'),(3567,'something'),(3568,'sometime'),(3569,'sometimes'),(3570,'somewhat'),(3571,'somewhere'),(3572,'son'),(3573,'song'),(3574,'soon'),(3575,'sophisticated'),(3576,'sorry'),(3577,'sort'),(3578,'soul'),(3579,'sound'),(3580,'soup'),(3581,'source'),(3582,'south'),(3583,'southeast'),(3584,'southern'),(3585,'southwest'),(3586,'sovereignty'),(3587,'Soviet'),(3588,'space'),(3589,'Spanish'),(3590,'spare'),(3591,'spark'),(3592,'speak'),(3593,'speaker'),(3594,'special'),(3595,'specialist'),(3596,'specialize'),(3597,'specialty'),(3598,'species'),(3599,'specific'),(3600,'specifically'),(3601,'specify'),(3602,'spectacular'),(3603,'spectrum'),(3604,'speculate'),(3605,'speculation'),(3606,'speech'),(3607,'speed'),(3608,'spell'),(3609,'spend'),(3610,'spending'),(3611,'sphere'),(3612,'spill'),(3613,'spin'),(3614,'spine'),(3615,'spirit'),(3616,'spiritual'),(3617,'spit'),(3618,'spite'),(3619,'split'),(3620,'spokesman'),(3621,'sponsor'),(3622,'spoon'),(3623,'sport'),(3624,'spot'),(3625,'spouse'),(3626,'spray'),(3627,'spread'),(3628,'spring'),(3629,'sprinkle'),(3630,'spy'),(3631,'squad'),(3632,'square'),(3633,'squeeze'),(3634,'stability'),(3635,'stable'),(3636,'stack'),(3637,'stadium'),(3638,'staff'),(3639,'stage'),(3640,'stair'),(3641,'stake'),(3642,'stance'),(3643,'stand'),(3644,'standard'),(3645,'standing'),(3646,'star'),(3647,'stare'),(3648,'start'),(3649,'starter'),(3650,'starting'),(3651,'state'),(3652,'statement'),(3653,'station'),(3654,'statistical'),(3655,'statistics'),(3656,'statue'),(3657,'status'),(3658,'statute'),(3659,'stay'),(3660,'steadily'),(3661,'steady'),(3662,'steak'),(3663,'steal'),(3664,'steam'),(3665,'steel'),(3666,'steep'),(3667,'steer'),(3668,'stem'),(3669,'step'),(3670,'stick'),(3671,'stiff'),(3672,'still'),(3673,'stimulate'),(3674,'stimulus'),(3675,'stir'),(3676,'stock'),(3677,'stomach'),(3678,'stone'),(3679,'stop'),(3680,'storage'),(3681,'store'),(3682,'storm'),(3683,'story'),(3684,'stove'),(3685,'straight'),(3686,'straighten'),(3687,'strain'),(3688,'strange'),(3689,'stranger'),(3690,'strategic'),(3691,'strategy'),(3692,'straw'),(3693,'streak'),(3694,'stream'),(3695,'street'),(3696,'strength'),(3697,'strengthen'),(3698,'stress'),(3699,'stretch'),(3700,'strict'),(3701,'strictly'),(3702,'strike'),(3703,'striking'),(3704,'string'),(3705,'strip'),(3706,'stroke'),(3707,'strong'),(3708,'strongly'),(3709,'structural'),(3710,'structure'),(3711,'struggle'),(3712,'student'),(3713,'studio'),(3714,'study'),(3715,'stuff'),(3716,'stumble'),(3717,'stupid'),(3718,'style'),(3719,'subject'),(3720,'submit'),(3721,'subsequent'),(3722,'subsidy'),(3723,'substance'),(3724,'substantial'),(3725,'substantially'),(3726,'subtle'),(3727,'suburb'),(3728,'suburban'),(3729,'succeed'),(3730,'success'),(3731,'successful'),(3732,'successfully'),(3733,'such'),(3734,'suck'),(3735,'sudden'),(3736,'suddenly'),(3737,'sue'),(3738,'suffer'),(3739,'suffering'),(3740,'sufficient'),(3741,'sugar'),(3742,'suggest'),(3743,'suggestion'),(3744,'suicide'),(3745,'suit'),(3746,'suitable'),(3747,'suite'),(3748,'sum'),(3749,'summary'),(3750,'summer'),(3751,'summit'),(3752,'sun'),(3753,'sunlight'),(3754,'sunny'),(3755,'super'),(3756,'superior'),(3757,'supermarket'),(3758,'supervisor'),(3759,'supplier'),(3760,'supply'),(3761,'support'),(3762,'supporter'),(3763,'supportive'),(3764,'suppose'),(3765,'supposed'),(3766,'supposedly'),(3767,'Supreme'),(3768,'sure'),(3769,'surely'),(3770,'surface'),(3771,'surgeon'),(3772,'surgery'),(3773,'surprise'),(3774,'surprised'),(3775,'surprising'),(3776,'surprisingly'),(3777,'surround'),(3778,'surrounding'),(3779,'surveillance'),(3780,'survey'),(3781,'survival'),(3782,'survive'),(3783,'survivor'),(3784,'suspect'),(3785,'suspend'),(3786,'suspicion'),(3787,'suspicious'),(3788,'sustain'),(3789,'sustainable'),(3790,'swallow'),(3791,'swear'),(3792,'sweat'),(3793,'sweater'),(3794,'sweep'),(3795,'sweet'),(3796,'swell'),(3797,'swim'),(3798,'swimming'),(3799,'swing'),(3800,'switch'),(3801,'sword'),(3802,'symbol'),(3803,'symbolic'),(3804,'sympathy'),(3805,'symptom'),(3806,'syndrome'),(3807,'system'),(3808,'table'),(3809,'tablespoon'),(3810,'tackle'),(3811,'tactic'),(3812,'tag'),(3813,'tail'),(3814,'take'),(3815,'tale'),(3816,'talent'),(3817,'talented'),(3818,'talk'),(3819,'tall'),(3820,'tank'),(3821,'tap'),(3822,'tape'),(3823,'target'),(3824,'task'),(3825,'taste'),(3826,'tax'),(3827,'taxpayer'),(3828,'tea'),(3829,'teach'),(3830,'teacher'),(3831,'teaching'),(3832,'team'),(3833,'teammate'),(3834,'tear'),(3835,'teaspoon'),(3836,'technical'),(3837,'technician'),(3838,'technique'),(3839,'technological'),(3840,'technology'),(3841,'teen'),(3842,'teenage'),(3843,'teenager'),(3844,'telephone'),(3845,'telescope'),(3846,'television'),(3847,'tell'),(3848,'temperature'),(3849,'temple'),(3850,'temporary'),(3851,'ten'),(3852,'tend'),(3853,'tendency'),(3854,'tender'),(3855,'tennis'),(3856,'tension'),(3857,'tent'),(3858,'term'),(3859,'terms'),(3860,'terrain'),(3861,'terrible'),(3862,'terribly'),(3863,'terrific'),(3864,'territory'),(3865,'terror'),(3866,'terrorism'),(3867,'terrorist'),(3868,'test'),(3869,'testify'),(3870,'testimony'),(3871,'testing'),(3872,'text'),(3873,'textbook'),(3874,'texture'),(3875,'than'),(3876,'thank'),(3877,'thanks'),(3878,'Thanksgiving'),(3879,'that'),(3880,'the'),(3881,'theater'),(3882,'their'),(3883,'them'),(3884,'theme'),(3885,'themselves'),(3886,'then'),(3887,'theological'),(3888,'theology'),(3889,'theoretical'),(3890,'theory'),(3891,'therapist'),(3892,'therapy'),(3893,'there'),(3894,'thereby'),(3895,'therefore'),(3896,'these'),(3897,'they'),(3898,'thick'),(3899,'thigh'),(3900,'thin'),(3901,'thing'),(3902,'think'),(3903,'thinking'),(3904,'third'),(3905,'thirty'),(3906,'this'),(3907,'thoroughly'),(3908,'those'),(3909,'though'),(3910,'thought'),(3911,'thousand'),(3912,'thread'),(3913,'threat'),(3914,'threaten'),(3915,'three'),(3916,'threshold'),(3917,'thrive'),(3918,'throat'),(3919,'through'),(3920,'throughout'),(3921,'throw'),(3922,'thumb'),(3923,'thus'),(3924,'ticket'),(3925,'tide'),(3926,'tie'),(3927,'tight'),(3928,'tighten'),(3929,'tightly'),(3930,'tile'),(3931,'till'),(3932,'timber'),(3933,'time'),(3934,'timing'),(3935,'tiny'),(3936,'tip'),(3937,'tire'),(3938,'tired'),(3939,'tissue'),(3940,'title'),(3941,'tobacco'),(3942,'today'),(3943,'toe'),(3944,'together'),(3945,'toilet'),(3946,'tolerance'),(3947,'tolerate'),(3948,'toll'),(3949,'tomato'),(3950,'tomorrow'),(3951,'tone'),(3952,'tongue'),(3953,'tonight'),(3954,'too'),(3955,'tool'),(3956,'tooth'),(3957,'top'),(3958,'topic'),(3959,'toss'),(3960,'total'),(3961,'totally'),(3962,'touch'),(3963,'touchdown'),(3964,'tough'),(3965,'tour'),(3966,'tourism'),(3967,'tourist'),(3968,'tournament'),(3969,'toward'),(3970,'towards'),(3971,'towel'),(3972,'tower'),(3973,'town'),(3974,'toxic'),(3975,'toy'),(3976,'trace'),(3977,'track'),(3978,'trade'),(3979,'trading'),(3980,'tradition'),(3981,'traditional'),(3982,'traditionally'),(3983,'traffic'),(3984,'tragedy'),(3985,'tragic'),(3986,'trail'),(3987,'trailer'),(3988,'train'),(3989,'trainer'),(3990,'training'),(3991,'trait'),(3992,'transaction'),(3993,'transfer'),(3994,'transform'),(3995,'transformation'),(3996,'transit'),(3997,'transition'),(3998,'translate'),(3999,'translation'),(4000,'transmission'),(4001,'transmit'),(4002,'transport'),(4003,'transportation'),(4004,'trap'),(4005,'trash'),(4006,'trauma'),(4007,'travel'),(4008,'traveler'),(4009,'tray'),(4010,'treasure'),(4011,'treat'),(4012,'treatment'),(4013,'treaty'),(4014,'tree'),(4015,'tremendous'),(4016,'trend'),(4017,'trial'),(4018,'tribal'),(4019,'tribe'),(4020,'trick'),(4021,'trigger'),(4022,'trim'),(4023,'trip'),(4024,'triumph'),(4025,'troop'),(4026,'tropical'),(4027,'trouble'),(4028,'troubled'),(4029,'truck'),(4030,'truly'),(4031,'trunk'),(4032,'trust'),(4033,'truth'),(4034,'try'),(4035,'T-shirt'),(4036,'tube'),(4037,'tuck'),(4038,'tumor'),(4039,'tune'),(4040,'tunnel'),(4041,'turkey'),(4042,'turn'),(4043,'TV'),(4044,'twelve'),(4045,'twentieth'),(4046,'twenty'),(4047,'twice'),(4048,'twin'),(4049,'twist'),(4050,'two'),(4051,'two-thirds'),(4052,'type'),(4053,'typical'),(4054,'typically'),(4055,'ugly'),(4056,'uh'),(4057,'ultimate'),(4058,'ultimately'),(4059,'unable'),(4060,'uncertain'),(4061,'uncertainty'),(4062,'uncle'),(4063,'uncomfortable'),(4064,'uncover'),(4065,'under'),(4066,'undergo'),(4067,'undergraduate'),(4068,'underlying'),(4069,'undermine'),(4070,'understand'),(4071,'understanding'),(4072,'undertake'),(4073,'unemployment'),(4074,'unexpected'),(4075,'unfair'),(4076,'unfold'),(4077,'unfortunately'),(4078,'unhappy'),(4079,'uniform'),(4080,'union'),(4081,'unique'),(4082,'unit'),(4083,'unite'),(4084,'United'),(4085,'unity'),(4086,'universal'),(4087,'universe'),(4088,'university'),(4089,'unknown'),(4090,'unless'),(4091,'unlike'),(4092,'unlikely'),(4093,'unprecedented'),(4094,'until'),(4095,'unusual'),(4096,'update'),(4097,'upon'),(4098,'upper'),(4099,'upset'),(4100,'upstairs'),(4101,'urban'),(4102,'urge'),(4103,'use'),(4104,'used'),(4105,'useful'),(4106,'user'),(4107,'usual'),(4108,'usually'),(4109,'utility'),(4110,'utilize'),(4111,'vacation'),(4112,'vaccine'),(4113,'vacuum'),(4114,'valid'),(4115,'validity'),(4116,'valley'),(4117,'valuable'),(4118,'value'),(4119,'van'),(4120,'vanish'),(4121,'variable'),(4122,'variation'),(4123,'variety'),(4124,'various'),(4125,'vary'),(4126,'vast'),(4127,'vegetable'),(4128,'vehicle'),(4129,'vendor'),(4130,'venture'),(4131,'verbal'),(4132,'verdict'),(4133,'version'),(4134,'versus'),(4135,'vertical'),(4136,'very'),(4137,'vessel'),(4138,'veteran'),(4139,'via'),(4140,'victim'),(4141,'victory'),(4142,'video'),(4143,'view'),(4144,'viewer'),(4145,'village'),(4146,'violate'),(4147,'violation'),(4148,'violence'),(4149,'violent'),(4150,'virtual'),(4151,'virtually'),(4152,'virtue'),(4153,'virus'),(4154,'visible'),(4155,'vision'),(4156,'visit'),(4157,'visitor'),(4158,'visual'),(4159,'vital'),(4160,'vitamin'),(4161,'vocal'),(4162,'voice'),(4163,'volume'),(4164,'voluntary'),(4165,'volunteer'),(4166,'vote'),(4167,'voter'),(4168,'voting'),(4169,'vs'),(4170,'vulnerable'),(4171,'wage'),(4172,'wagon'),(4173,'waist'),(4174,'wait'),(4175,'wake'),(4176,'walk'),(4177,'walking'),(4178,'wall'),(4179,'wander'),(4180,'want'),(4181,'war'),(4182,'warehouse'),(4183,'warm'),(4184,'warmth'),(4185,'warn'),(4186,'warning'),(4187,'warrior'),(4188,'wash'),(4189,'waste'),(4190,'watch'),(4191,'water'),(4192,'wave'),(4193,'way'),(4194,'weak'),(4195,'weaken'),(4196,'weakness'),(4197,'wealth'),(4198,'wealthy'),(4199,'weapon'),(4200,'wear'),(4201,'weather'),(4202,'weave'),(4203,'web'),(4204,'wedding'),(4205,'weed'),(4206,'week'),(4207,'weekend'),(4208,'weekly'),(4209,'weigh'),(4210,'weight'),(4211,'weird'),(4212,'welcome'),(4213,'welfare'),(4214,'well'),(4215,'well-being'),(4216,'well-known'),(4217,'west'),(4218,'western'),(4219,'wet'),(4220,'whale'),(4221,'what'),(4222,'whatever'),(4223,'wheat'),(4224,'wheel'),(4225,'wheelchair'),(4226,'when'),(4227,'whenever'),(4228,'where'),(4229,'whereas'),(4230,'wherever'),(4231,'whether'),(4232,'which'),(4233,'while'),(4234,'whip'),(4235,'whisper'),(4236,'white'),(4237,'who'),(4238,'whoever'),(4239,'whole'),(4240,'whom'),(4241,'whose'),(4242,'why'),(4243,'wide'),(4244,'widely'),(4245,'widespread'),(4246,'widow'),(4247,'wife'),(4248,'wild'),(4249,'wilderness'),(4250,'wildlife'),(4251,'will'),(4252,'willing'),(4253,'willingness'),(4254,'win'),(4255,'wind'),(4256,'window'),(4257,'wine'),(4258,'wing'),(4259,'winner'),(4260,'winter'),(4261,'wipe'),(4262,'wire'),(4263,'wisdom'),(4264,'wise'),(4265,'wish'),(4266,'with'),(4267,'withdraw'),(4268,'withdrawal'),(4269,'within'),(4270,'without'),(4271,'witness'),(4272,'wolf'),(4273,'woman'),(4274,'wonder'),(4275,'wonderful'),(4276,'wood'),(4277,'wooden'),(4278,'word'),(4279,'work'),(4280,'worker'),(4281,'working'),(4282,'workout'),(4283,'workplace'),(4284,'works'),(4285,'workshop'),(4286,'world'),(4287,'worldwide'),(4288,'worried'),(4289,'worry'),(4290,'worth'),(4291,'would'),(4292,'wound'),(4293,'wow'),(4294,'wrap'),(4295,'wrist'),(4296,'write'),(4297,'writer'),(4298,'writing'),(4299,'written'),(4300,'wrong'),(4301,'yard'),(4302,'yeah'),(4303,'year'),(4304,'yell'),(4305,'yellow'),(4306,'yes'),(4307,'yesterday'),(4308,'yet'),(4309,'yield'),(4310,'you'),(4311,'young'),(4312,'youngster'),(4313,'your'),(4314,'yours'),(4315,'yourself'),(4316,'youth'),(4317,'zone'),(4318,'FALSE'),(4319,'TRUE');
/*!40000 ALTER TABLE `words` ENABLE KEYS */;
UNLOCK TABLES;
/*!40103 SET TIME_ZONE=@OLD_TIME_ZONE */;

/*!40101 SET SQL_MODE=@OLD_SQL_MODE */;
/*!40014 SET FOREIGN_KEY_CHECKS=@OLD_FOREIGN_KEY_CHECKS */;
/*!40014 SET UNIQUE_CHECKS=@OLD_UNIQUE_CHECKS */;
/*!40101 SET CHARACTER_SET_CLIENT=@OLD_CHARACTER_SET_CLIENT */;
/*!40101 SET CHARACTER_SET_RESULTS=@OLD_CHARACTER_SET_RESULTS */;
/*!40101 SET COLLATION_CONNECTION=@OLD_COLLATION_CONNECTION */;
/*!40111 SET SQL_NOTES=@OLD_SQL_NOTES */;

-- Dump completed on 2018-03-13 10:13:22
